ID,Producto,Categoria,Precio,Cantidad_vendida,Fecha_venta,Ciudad,Descuento_aplicado,Cliente_ID
1,Producto C,Hogar,409.8,17,2024-01-01,Ciudad D,,C002
2,Producto A,Hogar,74.24,17,2024-01-02,Ciudad B,,nan
3,Producto C,Hogar,261.38,12,2024-01-03,Ciudad B,10.0,nan
4,Producto C,Electronica,254.41,14,2024-01-04,Ciudad D,0.0,nan
5,Producto A,Hogar,699.34,6,2024-01-05,Ciudad A,10.0,C003
4,Producto C,Electronica,254.41,14,2024-01-04,Ciudad D,0.0,nan
7,Producto C,Electronica,156.61,9,2024-01-07,Ciudad D,,C001
8,Producto B,Hogar,997.76,5,2024-01-08,Ciudad A,5.0,C004
9,Producto C,Electronica,274.11,17,2024-01-09,Ciudad B,0.0,C001
10,Producto C,Ropa,976.85,14,2024-01-10,Ciudad B,10.0,C001
11,Producto C,Hogar,N/A,3,2024-01-11,Ciudad A,,nan
12,Producto C,Ropa,42.72,1,2024-01-12,Ciudad C,,C004
13,Producto A,Electronica,351.62,1,2024-01-13,Ciudad B,10.0,C004
14,Producto C,Hogar,638.01,3,2024-01-14,Ciudad B,5.0,C004
15,Producto B,Electronica,683.9,18,2024-01-15,Ciudad B,,C003
16,Producto A,Ropa,535.63,10,2024-01-16,Ciudad A,0.0,nan
17,Producto B,Electronica,453.31,3,2024-01-17,Ciudad D,,C004
18,Producto B,Hogar,557.36,8,2024-01-18,Ciudad B,0.0,C003
19,Producto B,Hogar,596.77,14,2024-01-19,Ciudad D,10.0,C002
20,Producto B,Ropa,90.04,18,2024-01-20,Ciudad C,0.0,C002
21,Producto A,Electronica,375.96,15,2024-01-21,Ciudad B,10.0,C003
22,Producto A,Hogar,249.74,2,2024-01-22,Ciudad B,0.0,C003
23,Producto B,Ropa,805.11,10,2024-01-23,Ciudad C,10.0,nan
24,Producto B,Hogar,475.6,2,2024-01-24,Ciudad B,0.0,nan
25,Producto A,Hogar,983.59,17,2024-01-25,Ciudad D,5.0,C002
26,Producto A,Electronica,404.84,8,2024-01-26,Ciudad A,0.0,C004
27,Producto A,Hogar,818.27,1,2024-01-27,Ciudad D,0.0,C002
28,Producto C,Electronica,800.36,9,2024-01-28,Ciudad A,5.0,C004
29,Producto C,Hogar,159.21,11,2024-01-29,Ciudad A,,C004
30,Producto C,Ropa,513.12,16,2024-01-30,Ciudad D,,nan
31,Producto B,Hogar,698.85,7,2024-01-31,Ciudad D,0.0,C001
32,Producto C,Electronica,859.78,10,2024-02-01,Ciudad D,5.0,C001
33,Producto B,Electronica,332.7,3,2024-02-02,Ciudad D,0.0,C003
34,Producto B,Ropa,228.04,18,2024-02-03,Ciudad C,10.0,nan
35,Producto C,Hogar,714.04,13,2024-02-04,Ciudad B,10.0,C004
36,Producto B,Hogar,811.41,7,2024-02-05,Ciudad A,0.0,C001
37,Producto C,Ropa,355.18,4,2024-02-06,Ciudad D,,C004
38,Producto C,Hogar,105.21,13,2024-02-07,Ciudad D,,C001
39,Producto A,Hogar,941.12,1,2024-02-08,Ciudad D,0.0,C001
40,Producto C,Electronica,403.6,8,2024-02-09,Ciudad C,0.0,C001
41,Producto A,Hogar,522.57,14,2024-02-10,Ciudad D,10.0,nan
42,Producto C,Hogar,839.33,16,2024-02-11,Ciudad D,,C002
43,Producto C,Ropa,678.93,14,2024-02-12,Ciudad D,0.0,C004
44,Producto A,Ropa,737.86,12,2024-02-13,Ciudad B,10.0,nan
45,Producto A,Electronica,216.98,19,2024-02-14,Ciudad C,,nan
46,Producto C,Hogar,546.03,15,2024-02-15,Ciudad D,5.0,nan
47,Producto B,Hogar,698.83,2,2024-02-16,Ciudad A,10.0,nan
48,Producto A,Hogar,236.26,2,2024-02-17,Ciudad A,,nan
49,Producto B,Electronica,183.21,19,2024-02-18,Ciudad A,,C003
50,Producto B,Electronica,982.35,17,2024-02-19,Ciudad C,10.0,C004
51,Producto B,Ropa,521.47,10,2024-02-20,Ciudad C,5.0,nan
52,Producto A,Electronica,268.22,6,2024-02-21,Ciudad A,10.0,C004
53,Producto B,Hogar,996.29,15,2024-02-22,Ciudad D,,C003
54,Producto A,Hogar,965.77,11,2024-02-23,Ciudad C,0.0,C003
55,Producto B,Electronica,562.71,5,2024-02-24,Ciudad A,0.0,C004
56,Producto C,Hogar,883.81,1,2024-02-25,Ciudad A,10.0,C001
57,Producto C,Hogar,196.82,8,2024-02-26,Ciudad D,,C002
58,Producto A,Electronica,286.08,12,2024-02-27,Ciudad B,0.0,C001
59,Producto C,Electronica,703.35,12,2024-02-28,Ciudad C,,C001
60,Producto C,Hogar,848.19,5,2024-02-29,Ciudad D,10.0,C001
61,Producto B,Hogar,857.76,7,2024-03-01,Ciudad A,0.0,nan
62,Producto A,Hogar,410.46,4,2024-03-02,Ciudad A,,C003
63,Producto B,Ropa,888.89,6,2024-03-03,Ciudad D,0.0,C001
64,Producto B,Ropa,852.42,13,2024-03-04,Ciudad C,10.0,C003
65,Producto B,Ropa,936.28,15,2024-03-05,Ciudad B,,C004
66,Producto B,Electronica,787.49,3,2024-03-06,Ciudad B,0.0,C002
67,Producto B,Ropa,672.3,8,2024-03-07,Ciudad A,10.0,C004
68,Producto B,Electronica,584.88,16,2024-03-08,Ciudad C,0.0,C004
69,Producto B,Electronica,378.56,13,2024-03-09,Ciudad B,0.0,nan
70,Producto A,Ropa,940.73,18,2024-03-10,Ciudad C,5.0,C002
71,Producto C,Ropa,973.93,10,2024-03-11,Ciudad C,5.0,C004
72,Producto B,Ropa,291.08,19,2024-03-12,Ciudad A,10.0,C004
73,Producto B,Hogar,312.31,17,2024-03-13,Ciudad B,5.0,C002
74,Producto B,Ropa,490.76,19,2024-03-14,Ciudad D,10.0,C002
75,Producto B,Hogar,453.94,5,2024-03-15,Ciudad A,5.0,C004
76,Producto B,Electronica,994.51,9,2024-03-16,Ciudad B,0.0,C002
77,Producto B,Hogar,184.17,12,2024-03-17,Ciudad B,10.0,C004
78,Producto C,Ropa,27.89,1,2024-03-18,Ciudad B,10.0,C004
79,Producto C,Electronica,498.95,1,2024-03-19,Ciudad B,0.0,nan
80,Producto B,Electronica,187.03,15,2024-03-20,Ciudad B,10.0,C001
81,Producto C,Electronica,372.8,2,2024-03-21,Ciudad C,10.0,C004
82,Producto A,Hogar,746.73,16,2024-03-22,Ciudad A,5.0,C003
83,Producto B,Ropa,723.73,8,2024-03-23,Ciudad C,10.0,C001
84,Producto A,Electronica,314.98,13,2024-03-24,Ciudad D,,C001
85,Producto A,Electronica,547.11,1,2024-03-25,Ciudad B,0.0,C001
86,Producto B,Electronica,513.73,16,2024-03-26,Ciudad A,5.0,nan
87,Producto C,Hogar,639.97,7,2024-03-27,Ciudad B,5.0,C004
88,Producto A,Hogar,257.96,5,2024-03-28,Ciudad A,,nan
89,Producto B,Ropa,593.97,3,2024-03-29,Ciudad C,0.0,C004
90,Producto A,Hogar,979.1,12,2024-03-30,Ciudad A,0.0,nan
91,Producto A,Electronica,491.87,16,2024-03-31,Ciudad D,5.0,nan
92,Producto A,Ropa,907.04,19,2024-04-01,Ciudad D,10.0,C003
93,Producto A,Electronica,440.05,5,2024-04-02,Ciudad A,5.0,nan
94,Producto C,Electronica,356.58,14,2024-04-03,Ciudad A,0.0,C002
95,Producto A,Hogar,648.65,5,2024-04-04,Ciudad A,,C003
96,Producto A,Ropa,672.23,15,2024-04-05,Ciudad A,5.0,nan
97,Producto A,Hogar,865.53,17,2024-04-06,Ciudad D,0.0,C001
98,Producto C,Hogar,237.88,14,2024-04-07,Ciudad B,5.0,C002
99,Producto A,Ropa,504.2,5,2024-04-08,Ciudad A,10.0,C002
100,Producto A,Electronica,576.28,12,2024-04-09,Ciudad A,5.0,C002
