order_id,customer_id,order_date,order_status,shipping_cost,payment_method,total_amount
ORD00000,CUST0176,2023-01-07,Cancelled,10.23,Bank Transfer,0.0
ORD00001,CUST0195,2023-05-25,Completed,4.0,PayPal,663.54
ORD00002,CUST0142,2023-07-30,Completed,4.97,Credit Card,51.19
ORD00003,CUST0078,2023-02-16,Completed,14.37,Credit Card,327.77
ORD00004,CUST0088,2023-04-22,Completed,11.59,Credit Card,398.77
ORD00005,CUST0084,2023-11-16,Cancelled,4.42,Credit Card,0.0
ORD00006,CUST0090,2023-02-15,Completed,7.98,Bank Transfer,120.8
ORD00007,CUST0078,2023-10-21,Completed,13.01,Bank Transfer,648.01
ORD00008,CUST0217,2023-08-06,Cancelled,9.34,PayPal,0.0
ORD00009,CUST0079,2023-07-12,Returned,4.28,Bank Transfer,395.87
ORD00010,CUST0090,2023-11-11,Completed,11.57,Credit Card,460.6
ORD00011,CUST0114,2023-10-19,Cancelled,13.02,Credit Card,0.0
ORD00012,CUST0005,2023-01-11,Cancelled,12.26,Credit Card,0.0
ORD00013,CUST0046,2023-04-15,Completed,10.63,PayPal,723.5
ORD00014,CUST0216,2023-09-03,Completed,9.07,PayPal,83.37
ORD00015,CUST0165,2023-01-29,Completed,11.03,Bank Transfer,17.14
ORD00016,CUST0099,2023-11-30,Completed,5.2,PayPal,273.28
ORD00017,CUST0252,2023-07-10,Completed,14.04,Bank Transfer,362.95
ORD00018,CUST0043,2023-01-16,Completed,4.08,Credit Card,387.69
ORD00019,CUST0003,2023-08-11,Cancelled,8.92,Credit Card,0.0
ORD00020,CUST0116,2023-01-27,Completed,7.94,PayPal,569.55
ORD00021,CUST0244,2023-10-29,Completed,12.98,Credit Card,317.75
ORD00022,CUST0143,2023-08-04,Completed,5.06,Bank Transfer,421.24
ORD00023,CUST0225,2023-03-13,Completed,10.04,PayPal,443.39
ORD00024,CUST0146,2023-08-12,Completed,4.32,Credit Card,321.33
ORD00025,CUST0197,2023-07-25,Returned,11.68,PayPal,485.61
ORD00026,CUST0274,2023-04-02,Completed,8.75,Bank Transfer,228.8
ORD00027,CUST0095,2023-11-17,Completed,13.47,Bank Transfer,95.58
ORD00028,CUST0136,2023-08-12,Completed,13.81,Credit Card,58.75
ORD00029,CUST0106,2023-03-20,Completed,12.7,PayPal,521.21
ORD00030,CUST0033,2023-07-14,Completed,6.72,PayPal,76.14
ORD00031,CUST0014,2023-11-21,Completed,5.96,Bank Transfer,315.04
ORD00032,CUST0255,2023-06-04,Completed,2.27,Bank Transfer,384.94
ORD00033,CUST0008,2023-06-11,Completed,12.74,PayPal,378.97
ORD00034,CUST0108,2023-04-03,Completed,3.44,Bank Transfer,587.44
ORD00035,CUST0032,2023-11-10,Completed,6.97,Bank Transfer,800.94
ORD00036,CUST0108,2023-09-26,Completed,12.51,Credit Card,647.45
ORD00037,CUST0238,2023-03-17,Completed,6.75,Credit Card,235.43
ORD00038,CUST0181,2023-04-22,Completed,6.24,Bank Transfer,554.04
ORD00039,CUST0270,2023-09-20,Completed,4.32,Bank Transfer,272.45
ORD00040,CUST0153,2023-09-22,Completed,2.44,Credit Card,89.21
ORD00041,CUST0273,2023-09-02,Completed,5.45,Credit Card,827.33
ORD00042,CUST0179,2023-11-13,Cancelled,5.95,PayPal,0.0
ORD00043,CUST0292,2023-08-20,Completed,6.33,Bank Transfer,146.17
ORD00044,CUST0102,2023-08-19,Completed,9.04,Bank Transfer,324.54
ORD00045,CUST0096,2023-11-06,Cancelled,11.73,Bank Transfer,0.0
ORD00046,CUST0037,2023-01-04,Completed,2.72,PayPal,204.03
ORD00047,CUST0283,2023-07-17,Completed,11.19,Bank Transfer,404.5
ORD00048,CUST0253,2023-07-24,Completed,12.05,Credit Card,104.97
ORD00049,CUST0055,2023-06-16,Completed,3.06,Bank Transfer,965.02
ORD00050,CUST0140,2023-02-09,Cancelled,4.84,Bank Transfer,0.0
ORD00051,CUST0042,2023-04-16,Completed,7.17,Credit Card,272.64
ORD00052,CUST0056,2023-05-22,Completed,12.36,PayPal,239.05
ORD00053,CUST0197,2023-03-08,Completed,7.19,Credit Card,305.14
ORD00054,CUST0016,2023-08-16,Completed,9.54,Credit Card,302.87
ORD00055,CUST0278,2023-08-12,Completed,11.9,Bank Transfer,633.42
ORD00056,CUST0180,2023-08-08,Completed,10.23,PayPal,474.51
ORD00057,CUST0177,2023-08-23,Completed,5.97,PayPal,673.53
ORD00058,CUST0203,2023-01-15,Completed,9.93,Bank Transfer,669.21
ORD00059,CUST0032,2023-10-16,Completed,3.43,Bank Transfer,1045.64
ORD00060,CUST0054,2023-09-11,Completed,12.62,Credit Card,147.93
ORD00061,CUST0269,2023-04-11,Completed,7.84,Bank Transfer,389.79
ORD00062,CUST0224,2023-07-23,Completed,12.62,PayPal,937.99
ORD00063,CUST0058,2023-08-12,Completed,2.18,Credit Card,380.26
ORD00064,CUST0082,2023-04-12,Completed,6.58,Credit Card,246.34
ORD00065,CUST0221,2023-11-05,Completed,10.71,Credit Card,589.36
ORD00066,CUST0209,2023-08-14,Completed,2.38,Credit Card,711.94
ORD00067,CUST0037,2023-05-20,Returned,14.69,Bank Transfer,166.46
ORD00068,CUST0179,2023-06-06,Completed,14.28,Credit Card,212.52
ORD00069,CUST0089,2023-07-02,Completed,3.39,Bank Transfer,232.76
ORD00070,CUST0008,2023-06-26,Completed,14.44,Bank Transfer,79.04
ORD00071,CUST0074,2023-12-13,Completed,10.16,PayPal,301.19
ORD00072,CUST0116,2023-05-23,Completed,10.48,Credit Card,212.7
ORD00073,CUST0039,2023-05-04,Completed,4.78,Credit Card,445.93
ORD00074,CUST0152,2023-05-17,Cancelled,13.12,Credit Card,0.0
ORD00075,CUST0298,2023-11-13,Completed,8.1,Credit Card,296.15
ORD00076,CUST0214,2023-10-25,Completed,11.74,Bank Transfer,661.95
ORD00077,CUST0272,2023-09-12,Completed,9.63,Credit Card,245.9
ORD00078,CUST0046,2023-01-01,Completed,4.52,Credit Card,592.92
ORD00079,CUST0168,2023-12-28,Completed,6.95,PayPal,586.62
ORD00080,CUST0268,2023-02-25,Completed,11.23,Bank Transfer,584.31
ORD00081,CUST0062,2023-10-08,Completed,11.31,PayPal,429.97
ORD00082,CUST0188,2023-06-20,Completed,11.11,Bank Transfer,86.34
ORD00083,CUST0065,2023-04-29,Cancelled,12.64,PayPal,0.0
ORD00084,CUST0113,2023-08-16,Completed,6.34,Bank Transfer,188.23
ORD00085,CUST0203,2023-01-23,Completed,10.14,Credit Card,182.6
ORD00086,CUST0214,2023-05-03,Completed,5.88,PayPal,146.43
ORD00087,CUST0106,2023-10-08,Completed,14.29,Credit Card,432.25
ORD00088,CUST0194,2023-03-15,Completed,7.14,PayPal,276.66
ORD00089,CUST0052,2023-12-23,Completed,6.03,Bank Transfer,370.92
ORD00090,CUST0077,2023-07-15,Completed,14.78,Credit Card,626.89
ORD00091,CUST0005,2023-05-30,Completed,8.47,Credit Card,248.01
ORD00092,CUST0222,2023-04-22,Completed,6.1,Credit Card,261.7
ORD00093,CUST0197,2023-12-23,Completed,2.92,PayPal,242.35
ORD00094,CUST0141,2023-05-22,Cancelled,3.44,Credit Card,0.0
ORD00095,CUST0057,2023-06-07,Completed,12.31,Credit Card,799.63
ORD00096,CUST0232,2023-08-02,Completed,5.65,Credit Card,54.22
ORD00097,CUST0050,2023-06-04,Completed,3.06,Credit Card,994.26
ORD00098,CUST0124,2023-08-13,Completed,8.16,PayPal,97.94
ORD00099,CUST0165,2023-11-05,Completed,11.9,PayPal,234.01
ORD00100,CUST0159,2023-10-02,Completed,4.73,PayPal,132.35
ORD00101,CUST0256,2023-11-25,Completed,5.31,Bank Transfer,196.69
ORD00102,CUST0146,2023-09-13,Cancelled,13.71,Credit Card,0.0
ORD00103,CUST0153,2023-07-10,Cancelled,6.07,Bank Transfer,0.0
ORD00104,CUST0255,2023-09-13,Completed,6.98,Credit Card,89.79
ORD00105,CUST0228,2023-06-15,Cancelled,9.1,PayPal,0.0
ORD00106,CUST0256,2023-05-17,Completed,7.01,PayPal,274.75
ORD00107,CUST0121,2023-03-09,Completed,2.33,Bank Transfer,314.28
ORD00108,CUST0053,2023-02-02,Completed,6.92,Bank Transfer,354.61
ORD00109,CUST0183,2023-01-24,Cancelled,9.59,PayPal,0.0
ORD00110,CUST0276,2023-12-12,Completed,13.06,PayPal,130.81
ORD00111,CUST0286,2023-03-28,Completed,8.42,PayPal,270.12
ORD00112,CUST0110,2023-08-16,Completed,10.47,Bank Transfer,240.47
ORD00113,CUST0283,2023-10-11,Completed,12.4,Bank Transfer,439.07
ORD00114,CUST0076,2023-09-03,Completed,7.3,PayPal,347.64
ORD00115,CUST0139,2023-02-22,Cancelled,8.47,Bank Transfer,0.0
ORD00116,CUST0290,2023-08-17,Completed,13.9,PayPal,202.6
ORD00117,CUST0125,2023-05-16,Completed,5.29,Bank Transfer,393.59
ORD00118,CUST0111,2023-08-06,Completed,13.33,Bank Transfer,403.78
ORD00119,CUST0161,2023-01-06,Completed,13.04,PayPal,256.56
ORD00120,CUST0055,2023-12-22,Completed,11.72,PayPal,497.93
ORD00121,CUST0233,2023-08-03,Completed,14.76,Credit Card,546.39
ORD00122,CUST0253,2023-04-20,Completed,8.31,PayPal,879.68
ORD00123,CUST0091,2023-01-31,Completed,11.34,PayPal,759.24
ORD00124,CUST0230,2023-11-22,Completed,7.84,PayPal,650.92
ORD00125,CUST0238,2023-03-02,Completed,6.08,Credit Card,162.02
ORD00126,CUST0156,2023-01-19,Completed,12.55,Bank Transfer,295.02
ORD00127,CUST0277,2023-12-05,Completed,2.86,PayPal,229.43
ORD00128,CUST0211,2023-10-09,Completed,9.06,Credit Card,343.68
ORD00129,CUST0174,2023-10-12,Completed,4.87,Bank Transfer,330.72
ORD00130,CUST0258,2023-03-15,Completed,9.48,Credit Card,405.24
ORD00131,CUST0021,2023-06-22,Cancelled,11.12,Credit Card,0.0
ORD00132,CUST0290,2023-04-28,Completed,11.36,Bank Transfer,500.24
ORD00133,CUST0193,2023-08-17,Completed,11.58,Credit Card,352.04
ORD00134,CUST0214,2023-08-17,Completed,4.28,Credit Card,133.07
ORD00135,CUST0245,2023-12-20,Completed,13.75,Credit Card,368.52
ORD00136,CUST0063,2023-08-25,Completed,11.0,PayPal,966.59
ORD00137,CUST0087,2023-07-18,Completed,3.22,Credit Card,101.58
ORD00138,CUST0014,2023-12-23,Completed,7.75,Bank Transfer,425.21
ORD00139,CUST0240,2023-11-23,Completed,5.22,Credit Card,84.55
ORD00140,CUST0140,2023-07-18,Returned,7.19,Credit Card,607.36
ORD00141,CUST0250,2023-04-09,Completed,7.35,PayPal,672.99
ORD00142,CUST0047,2023-08-16,Completed,13.44,PayPal,750.87
ORD00143,CUST0122,2023-06-08,Completed,7.07,Bank Transfer,261.37
ORD00144,CUST0082,2023-07-12,Completed,12.58,Bank Transfer,907.05
ORD00145,CUST0240,2023-06-12,Completed,2.13,Bank Transfer,789.83
ORD00146,CUST0285,2023-10-02,Completed,2.06,Bank Transfer,350.18
ORD00147,CUST0102,2023-08-11,Completed,12.42,Bank Transfer,116.7
ORD00148,CUST0129,2023-03-18,Completed,12.16,Credit Card,274.22
ORD00149,CUST0190,2023-02-17,Completed,12.56,Bank Transfer,601.53
ORD00150,CUST0226,2023-03-28,Completed,7.02,PayPal,369.32
ORD00151,CUST0086,2023-07-20,Completed,9.78,Bank Transfer,521.8
ORD00152,CUST0190,2023-01-27,Completed,9.03,Bank Transfer,168.91
ORD00153,CUST0230,2023-09-27,Completed,4.37,Credit Card,621.0
ORD00154,CUST0033,2023-08-31,Completed,7.22,PayPal,107.78
ORD00155,CUST0110,2023-02-16,Completed,13.68,PayPal,287.66
ORD00156,CUST0280,2023-04-24,Completed,12.12,PayPal,810.48
ORD00157,CUST0059,2023-01-30,Completed,12.43,PayPal,291.19
ORD00158,CUST0264,2023-05-18,Completed,2.2,Bank Transfer,674.26
ORD00159,CUST0253,2023-04-02,Returned,7.92,PayPal,174.68
ORD00160,CUST0074,2023-03-11,Completed,7.0,Bank Transfer,255.15
ORD00161,CUST0184,2023-09-01,Completed,7.04,PayPal,273.32
ORD00162,CUST0229,2023-03-29,Completed,4.92,Bank Transfer,690.03
ORD00163,CUST0192,2023-01-23,Completed,13.97,PayPal,718.15
ORD00164,CUST0056,2023-05-30,Cancelled,7.08,Credit Card,0.0
ORD00165,CUST0161,2023-10-05,Completed,12.5,PayPal,91.38
ORD00166,CUST0218,2023-08-24,Completed,13.61,PayPal,152.8
ORD00167,CUST0297,2023-03-19,Completed,3.67,Bank Transfer,587.54
ORD00168,CUST0094,2023-12-30,Completed,3.48,Credit Card,374.43
ORD00169,CUST0112,2023-03-02,Completed,5.1,PayPal,210.26
ORD00170,CUST0026,2023-10-18,Completed,3.38,Credit Card,328.46
ORD00171,CUST0069,2023-06-21,Completed,8.31,PayPal,908.25
ORD00172,CUST0220,2023-11-07,Completed,6.63,Bank Transfer,695.13
ORD00173,CUST0040,2023-01-25,Completed,4.35,PayPal,560.53
ORD00174,CUST0051,2023-01-09,Completed,10.13,Bank Transfer,236.43
ORD00175,CUST0203,2023-09-11,Cancelled,2.03,Credit Card,0.0
ORD00176,CUST0164,2023-02-14,Completed,13.91,PayPal,765.84
ORD00177,CUST0174,2023-10-15,Completed,11.33,Credit Card,705.18
ORD00178,CUST0110,2023-07-16,Completed,9.54,Bank Transfer,270.42
ORD00179,CUST0017,2023-10-26,Completed,12.02,PayPal,228.82
ORD00180,CUST0204,2023-10-28,Completed,7.04,Credit Card,439.72
ORD00181,CUST0204,2023-05-04,Completed,6.45,PayPal,208.02
ORD00182,CUST0238,2023-01-03,Completed,10.84,PayPal,232.69
ORD00183,CUST0138,2023-05-16,Completed,9.61,PayPal,44.59
ORD00184,CUST0282,2023-12-14,Completed,4.48,Bank Transfer,116.87
ORD00185,CUST0025,2023-10-11,Completed,6.71,Bank Transfer,734.75
ORD00186,CUST0229,2023-12-07,Completed,3.91,PayPal,125.14
ORD00187,CUST0273,2023-02-03,Completed,10.37,PayPal,590.85
ORD00188,CUST0292,2023-09-14,Completed,5.04,Credit Card,348.88
ORD00189,CUST0096,2023-10-20,Completed,12.43,Credit Card,252.09
ORD00190,CUST0013,2023-01-30,Completed,2.99,Bank Transfer,332.66
ORD00191,CUST0092,2023-09-24,Completed,14.78,Bank Transfer,185.29
ORD00192,CUST0282,2023-07-07,Completed,13.24,Credit Card,371.39
ORD00193,CUST0121,2023-02-16,Completed,13.87,PayPal,420.98
ORD00194,CUST0255,2023-03-08,Completed,11.86,Bank Transfer,848.57
ORD00195,CUST0231,2023-04-13,Completed,4.46,Credit Card,234.19
ORD00196,CUST0179,2023-05-26,Completed,11.93,PayPal,220.59
ORD00197,CUST0278,2023-04-28,Completed,7.26,Credit Card,401.45
ORD00198,CUST0099,2023-01-13,Completed,14.19,Bank Transfer,332.44
ORD00199,CUST0202,2023-10-03,Completed,9.55,PayPal,294.12
ORD00200,CUST0026,2023-06-06,Completed,10.4,Credit Card,137.33
ORD00201,CUST0181,2023-05-18,Completed,10.03,Bank Transfer,46.77
ORD00202,CUST0262,2023-06-12,Cancelled,11.29,Bank Transfer,0.0
ORD00203,CUST0268,2023-12-19,Cancelled,3.2,PayPal,0.0
ORD00204,CUST0238,2023-07-31,Completed,9.32,Credit Card,646.27
ORD00205,CUST0268,2023-03-25,Completed,10.16,PayPal,493.22
ORD00206,CUST0228,2023-08-09,Completed,4.44,PayPal,22.65
ORD00207,CUST0157,2023-10-05,Completed,14.4,Credit Card,225.96
ORD00208,CUST0112,2023-04-30,Completed,13.9,PayPal,229.44
ORD00209,CUST0068,2023-09-01,Completed,5.27,Credit Card,348.48
ORD00210,CUST0124,2023-09-07,Completed,8.92,Credit Card,499.6
ORD00211,CUST0048,2023-09-11,Completed,11.06,Bank Transfer,321.77
ORD00212,CUST0255,2023-10-07,Completed,4.9,Credit Card,190.65
ORD00213,CUST0224,2023-09-26,Completed,11.96,PayPal,489.82
ORD00214,CUST0277,2023-12-18,Completed,14.83,Credit Card,44.41
ORD00215,CUST0205,2023-04-27,Completed,3.08,PayPal,446.12
ORD00216,CUST0199,2023-05-13,Completed,3.3,Bank Transfer,549.87
ORD00217,CUST0244,2023-09-14,Completed,11.38,Bank Transfer,486.74
ORD00218,CUST0047,2023-12-03,Completed,8.04,PayPal,876.74
ORD00219,CUST0099,2023-12-07,Completed,6.37,Bank Transfer,38.97
ORD00220,CUST0037,2023-08-07,Returned,6.14,PayPal,413.63
ORD00221,CUST0256,2023-10-01,Completed,10.62,Credit Card,559.52
ORD00222,CUST0252,2023-04-03,Completed,3.62,Bank Transfer,160.52
ORD00223,CUST0184,2023-08-05,Completed,2.93,Credit Card,17.91
ORD00224,CUST0052,2023-01-18,Completed,6.49,PayPal,274.97
ORD00225,CUST0220,2023-01-07,Completed,2.1,Credit Card,284.98
ORD00226,CUST0208,2023-08-21,Completed,4.61,Bank Transfer,46.14
ORD00227,CUST0052,2023-12-26,Completed,4.53,Credit Card,483.05
ORD00228,CUST0118,2023-07-24,Completed,14.32,Bank Transfer,127.94
ORD00229,CUST0024,2023-09-30,Completed,10.17,PayPal,195.63
ORD00230,CUST0275,2023-06-15,Completed,8.25,PayPal,179.96
ORD00231,CUST0022,2023-08-12,Completed,7.65,Bank Transfer,236.77
ORD00232,CUST0153,2023-11-21,Cancelled,6.64,Credit Card,0.0
ORD00233,CUST0123,2023-12-02,Completed,9.98,PayPal,240.37
ORD00234,CUST0112,2023-04-26,Completed,3.64,Bank Transfer,750.12
ORD00235,CUST0099,2023-01-03,Completed,5.72,Credit Card,237.38
ORD00236,CUST0029,2023-05-06,Completed,4.96,Bank Transfer,951.96
ORD00237,CUST0294,2023-09-26,Completed,3.37,Credit Card,221.11
ORD00238,CUST0232,2023-06-14,Cancelled,9.53,Credit Card,0.0
ORD00239,CUST0021,2023-09-07,Completed,7.67,Credit Card,188.36
ORD00240,CUST0264,2023-02-14,Completed,5.35,Bank Transfer,518.79
ORD00241,CUST0155,2023-06-03,Completed,2.1,Bank Transfer,603.63
ORD00242,CUST0218,2023-10-03,Cancelled,12.18,PayPal,0.0
ORD00243,CUST0148,2023-01-14,Completed,2.22,Bank Transfer,91.21
ORD00244,CUST0157,2023-01-03,Completed,3.38,PayPal,386.68
ORD00245,CUST0030,2023-10-17,Cancelled,6.27,Bank Transfer,0.0
ORD00246,CUST0233,2023-04-04,Completed,13.94,PayPal,301.33
ORD00247,CUST0063,2023-08-04,Completed,6.23,Credit Card,229.51
ORD00248,CUST0179,2023-11-18,Cancelled,11.51,Bank Transfer,0.0
ORD00249,CUST0088,2023-07-31,Completed,11.48,PayPal,675.07
ORD00250,CUST0085,2023-11-23,Completed,11.0,Credit Card,465.49
ORD00251,CUST0149,2023-12-14,Returned,12.49,Bank Transfer,469.59
ORD00252,CUST0242,2023-02-18,Completed,9.23,Credit Card,401.77
ORD00253,CUST0149,2023-10-18,Returned,7.45,Bank Transfer,314.67
ORD00254,CUST0169,2023-11-26,Completed,11.82,Bank Transfer,497.77
ORD00255,CUST0240,2023-08-11,Completed,14.82,Credit Card,350.21
ORD00256,CUST0115,2023-08-12,Completed,8.34,Bank Transfer,218.58
ORD00257,CUST0271,2023-09-11,Completed,9.44,PayPal,194.28
ORD00258,CUST0255,2023-01-28,Completed,12.18,Bank Transfer,279.77
ORD00259,CUST0098,2023-09-12,Completed,9.89,PayPal,214.49
ORD00260,CUST0299,2023-06-07,Returned,6.06,PayPal,281.56
ORD00261,CUST0040,2023-02-08,Completed,7.87,PayPal,660.72
ORD00262,CUST0294,2023-09-26,Completed,10.83,Credit Card,72.31
ORD00263,CUST0036,2023-04-13,Cancelled,10.49,PayPal,0.0
ORD00264,CUST0281,2023-05-04,Completed,5.6,PayPal,170.67
ORD00265,CUST0015,2023-10-20,Completed,12.5,PayPal,301.34
ORD00266,CUST0177,2023-03-06,Completed,4.23,Bank Transfer,493.88
ORD00267,CUST0277,2023-03-06,Completed,3.23,Credit Card,571.68
ORD00268,CUST0090,2023-05-10,Completed,14.55,PayPal,452.01
ORD00269,CUST0031,2023-07-16,Completed,9.14,PayPal,99.78
ORD00270,CUST0158,2023-05-07,Cancelled,9.54,Credit Card,0.0
ORD00271,CUST0144,2023-06-12,Completed,3.1,Bank Transfer,201.84
ORD00272,CUST0068,2023-10-04,Completed,13.98,Credit Card,664.91
ORD00273,CUST0185,2023-11-28,Completed,8.68,PayPal,1010.25
ORD00274,CUST0065,2023-08-24,Completed,10.45,PayPal,382.58
ORD00275,CUST0083,2023-02-11,Completed,10.28,Credit Card,85.63
ORD00276,CUST0087,2023-10-04,Completed,8.21,Bank Transfer,837.33
ORD00277,CUST0249,2023-02-12,Completed,7.11,PayPal,351.12
ORD00278,CUST0243,2023-05-05,Completed,4.2,Bank Transfer,137.35
ORD00279,CUST0052,2023-10-24,Completed,5.8,Credit Card,271.22
ORD00280,CUST0192,2023-01-30,Returned,14.73,Bank Transfer,592.08
ORD00281,CUST0087,2023-09-12,Completed,10.24,Bank Transfer,240.68
ORD00282,CUST0071,2023-03-25,Completed,5.24,Bank Transfer,783.59
ORD00283,CUST0056,2023-10-02,Completed,8.66,PayPal,647.94
ORD00284,CUST0199,2023-04-25,Completed,10.32,Credit Card,458.36
ORD00285,CUST0202,2023-01-07,Completed,4.76,Credit Card,227.63
ORD00286,CUST0250,2023-05-08,Completed,6.17,Credit Card,642.25
ORD00287,CUST0143,2023-04-19,Completed,12.88,Bank Transfer,221.65
ORD00288,CUST0243,2023-05-03,Completed,6.97,Bank Transfer,182.76
ORD00289,CUST0037,2023-12-11,Completed,6.11,PayPal,302.2
ORD00290,CUST0172,2023-01-03,Returned,6.16,Credit Card,614.4
ORD00291,CUST0153,2023-07-09,Completed,12.72,Credit Card,328.27
ORD00292,CUST0016,2023-03-22,Completed,2.66,Bank Transfer,123.93
ORD00293,CUST0212,2023-02-26,Completed,8.08,Credit Card,863.77
ORD00294,CUST0242,2023-07-23,Cancelled,5.76,PayPal,0.0
ORD00295,CUST0002,2023-04-30,Completed,10.65,PayPal,613.31
ORD00296,CUST0059,2023-04-09,Completed,13.29,Bank Transfer,863.45
ORD00297,CUST0093,2023-11-10,Completed,10.41,Credit Card,720.27
ORD00298,CUST0286,2023-04-10,Completed,8.5,PayPal,336.64
ORD00299,CUST0216,2023-11-03,Completed,13.42,Bank Transfer,536.21
ORD00300,CUST0259,2023-10-18,Returned,5.06,PayPal,501.76
ORD00301,CUST0126,2023-12-28,Cancelled,12.24,PayPal,0.0
ORD00302,CUST0226,2023-03-30,Completed,13.59,PayPal,92.29
ORD00303,CUST0215,2023-01-26,Completed,12.52,Bank Transfer,102.36
ORD00304,CUST0079,2023-12-19,Completed,10.32,PayPal,526.98
ORD00305,CUST0106,2023-03-20,Cancelled,11.96,Bank Transfer,0.0
ORD00306,CUST0191,2023-01-12,Completed,6.83,PayPal,731.83
ORD00307,CUST0100,2023-09-28,Completed,14.2,PayPal,489.2
ORD00308,CUST0102,2023-07-18,Completed,4.39,Bank Transfer,357.01
ORD00309,CUST0065,2023-07-24,Completed,6.97,PayPal,29.78
ORD00310,CUST0153,2023-12-12,Completed,9.47,Bank Transfer,654.51
ORD00311,CUST0124,2023-06-20,Completed,8.67,Bank Transfer,733.63
ORD00312,CUST0154,2023-10-16,Returned,9.4,PayPal,789.15
ORD00313,CUST0224,2023-03-19,Returned,9.94,Credit Card,169.13
ORD00314,CUST0060,2023-12-25,Completed,5.44,Bank Transfer,268.74
ORD00315,CUST0287,2023-03-07,Completed,6.12,Credit Card,476.71
ORD00316,CUST0126,2023-06-10,Cancelled,9.22,PayPal,0.0
ORD00317,CUST0187,2023-03-25,Completed,4.63,PayPal,154.61
ORD00318,CUST0076,2023-04-10,Completed,8.03,Credit Card,214.97
ORD00319,CUST0054,2023-09-19,Completed,8.61,Bank Transfer,242.22
ORD00320,CUST0235,2023-10-11,Returned,12.4,Credit Card,399.91
ORD00321,CUST0195,2023-12-01,Completed,7.12,PayPal,196.17
ORD00322,CUST0039,2023-08-04,Completed,7.83,Bank Transfer,650.07
ORD00323,CUST0198,2023-10-01,Completed,6.82,Credit Card,689.78
ORD00324,CUST0108,2023-08-09,Cancelled,4.33,Bank Transfer,0.0
ORD00325,CUST0022,2023-04-16,Cancelled,7.45,PayPal,0.0
ORD00326,CUST0232,2023-12-11,Returned,7.44,Bank Transfer,436.71
ORD00327,CUST0254,2023-06-29,Completed,4.52,PayPal,196.58
ORD00328,CUST0144,2023-03-17,Cancelled,12.84,Credit Card,0.0
ORD00329,CUST0020,2023-02-15,Completed,9.09,Credit Card,128.66
ORD00330,CUST0242,2023-07-25,Completed,11.61,PayPal,155.48
ORD00331,CUST0039,2023-04-16,Returned,10.02,Bank Transfer,205.37
ORD00332,CUST0226,2023-08-25,Completed,7.64,Credit Card,733.52
ORD00333,CUST0057,2023-03-09,Completed,14.91,Bank Transfer,819.29
ORD00334,CUST0038,2023-07-12,Cancelled,5.71,PayPal,0.0
ORD00335,CUST0166,2023-04-25,Completed,13.75,PayPal,593.79
ORD00336,CUST0238,2023-12-08,Cancelled,12.89,Credit Card,0.0
ORD00337,CUST0226,2023-05-25,Completed,3.01,Credit Card,41.02
ORD00338,CUST0014,2023-01-04,Completed,5.76,PayPal,40.39
ORD00339,CUST0274,2023-04-11,Completed,3.6,Credit Card,225.94
ORD00340,CUST0243,2023-03-08,Completed,10.87,Bank Transfer,253.77
ORD00341,CUST0181,2023-01-05,Completed,14.87,Credit Card,391.3
ORD00342,CUST0042,2023-05-27,Completed,12.9,Credit Card,317.48
ORD00343,CUST0259,2023-10-06,Completed,2.48,PayPal,546.93
ORD00344,CUST0031,2023-01-03,Completed,13.72,Credit Card,282.26
ORD00345,CUST0182,2023-01-12,Completed,4.53,Bank Transfer,327.24
ORD00346,CUST0180,2023-12-27,Completed,3.9,PayPal,138.2
ORD00347,CUST0210,2023-05-13,Completed,14.32,PayPal,758.36
ORD00348,CUST0037,2023-10-19,Completed,3.56,Credit Card,77.05
ORD00349,CUST0063,2023-10-10,Cancelled,13.42,PayPal,0.0
ORD00350,CUST0281,2023-10-21,Cancelled,7.38,Bank Transfer,0.0
ORD00351,CUST0045,2023-10-04,Completed,9.92,Credit Card,285.44
ORD00352,CUST0271,2023-12-09,Completed,13.22,PayPal,213.64
ORD00353,CUST0239,2023-10-29,Returned,8.18,PayPal,402.24
ORD00354,CUST0036,2023-07-06,Completed,13.79,PayPal,442.24
ORD00355,CUST0084,2023-07-16,Completed,13.79,PayPal,150.0
ORD00356,CUST0285,2023-11-14,Completed,5.51,Credit Card,497.96
ORD00357,CUST0032,2023-08-24,Returned,4.28,PayPal,125.47
ORD00358,CUST0002,2023-06-23,Completed,2.65,PayPal,195.51
ORD00359,CUST0198,2023-12-31,Completed,9.83,Bank Transfer,338.89
ORD00360,CUST0058,2023-08-30,Completed,4.62,Bank Transfer,703.65
ORD00361,CUST0006,2023-01-06,Completed,11.52,Bank Transfer,466.47
ORD00362,CUST0125,2023-10-17,Completed,13.81,Credit Card,527.82
ORD00363,CUST0296,2023-02-09,Completed,10.82,Bank Transfer,66.76
ORD00364,CUST0030,2023-05-09,Completed,8.19,Credit Card,112.77
ORD00365,CUST0286,2023-09-16,Cancelled,8.97,Bank Transfer,0.0
ORD00366,CUST0204,2023-06-22,Completed,3.52,PayPal,471.25
ORD00367,CUST0051,2023-02-15,Completed,6.48,Credit Card,579.56
ORD00368,CUST0272,2023-12-05,Completed,2.61,PayPal,587.28
ORD00369,CUST0045,2023-03-21,Completed,4.64,Credit Card,208.06
ORD00370,CUST0189,2023-09-07,Completed,12.31,Bank Transfer,125.02
ORD00371,CUST0233,2023-11-25,Completed,4.2,Bank Transfer,156.89
ORD00372,CUST0004,2023-04-11,Completed,9.95,Credit Card,206.29
ORD00373,CUST0236,2023-11-13,Completed,14.03,Bank Transfer,313.17
ORD00374,CUST0104,2023-01-12,Completed,14.81,PayPal,359.67
ORD00375,CUST0020,2023-12-29,Completed,11.28,Credit Card,74.36
ORD00376,CUST0155,2023-10-22,Completed,4.43,Bank Transfer,569.98
ORD00377,CUST0098,2023-06-08,Completed,6.44,PayPal,442.81
ORD00378,CUST0211,2023-11-15,Completed,7.9,PayPal,283.59
ORD00379,CUST0144,2023-01-08,Completed,8.05,Credit Card,440.71
ORD00380,CUST0049,2023-09-14,Completed,6.84,PayPal,564.08
ORD00381,CUST0170,2023-03-14,Completed,14.53,PayPal,254.43
ORD00382,CUST0134,2023-11-15,Completed,14.94,PayPal,577.75
ORD00383,CUST0064,2023-09-22,Cancelled,13.61,PayPal,0.0
ORD00384,CUST0021,2023-08-17,Returned,2.49,PayPal,415.72
ORD00385,CUST0067,2023-03-09,Completed,13.14,PayPal,556.3
ORD00386,CUST0180,2023-12-19,Completed,3.21,PayPal,275.74
ORD00387,CUST0006,2023-06-19,Returned,2.75,Credit Card,620.48
ORD00388,CUST0075,2023-04-05,Completed,13.65,Credit Card,355.36
ORD00389,CUST0288,2023-05-30,Cancelled,5.3,Bank Transfer,0.0
ORD00390,CUST0070,2023-08-21,Completed,2.52,PayPal,1034.64
ORD00391,CUST0008,2023-07-13,Returned,13.7,Bank Transfer,61.62
ORD00392,CUST0012,2023-01-26,Completed,5.91,PayPal,512.79
ORD00393,CUST0033,2023-02-25,Completed,8.45,Bank Transfer,731.75
ORD00394,CUST0166,2023-03-20,Completed,14.73,PayPal,543.42
ORD00395,CUST0194,2023-10-05,Completed,4.59,Bank Transfer,731.22
ORD00396,CUST0205,2023-01-11,Completed,7.09,PayPal,748.18
ORD00397,CUST0226,2023-03-11,Completed,13.35,PayPal,246.58
ORD00398,CUST0299,2023-07-26,Completed,5.08,Credit Card,409.73
ORD00399,CUST0158,2023-10-13,Completed,4.02,Bank Transfer,523.36
ORD00400,CUST0134,2023-12-23,Cancelled,12.82,Bank Transfer,0.0
ORD00401,CUST0234,2023-02-18,Completed,10.65,Bank Transfer,55.9
ORD00402,CUST0160,2023-04-11,Completed,13.53,Credit Card,266.61
ORD00403,CUST0288,2023-02-27,Completed,9.08,PayPal,77.08
ORD00404,CUST0104,2023-11-20,Cancelled,2.26,PayPal,0.0
ORD00405,CUST0001,2023-06-29,Completed,9.21,Credit Card,307.62
ORD00406,CUST0064,2023-06-11,Completed,10.25,Credit Card,330.26
ORD00407,CUST0275,2023-10-16,Completed,11.73,PayPal,239.94
ORD00408,CUST0078,2023-02-19,Completed,11.65,Credit Card,254.88
ORD00409,CUST0184,2023-09-08,Cancelled,10.19,Credit Card,0.0
ORD00410,CUST0265,2023-04-12,Completed,3.01,PayPal,211.99
ORD00411,CUST0116,2023-10-21,Completed,9.55,Bank Transfer,128.91
ORD00412,CUST0144,2023-10-12,Completed,3.84,Bank Transfer,533.61
ORD00413,CUST0167,2023-04-08,Completed,5.81,Bank Transfer,403.88
ORD00414,CUST0156,2023-08-27,Completed,6.29,PayPal,352.72
ORD00415,CUST0262,2023-12-11,Completed,14.44,PayPal,351.33
ORD00416,CUST0199,2023-07-10,Completed,11.14,PayPal,767.03
ORD00417,CUST0174,2023-02-14,Completed,10.36,PayPal,321.63
ORD00418,CUST0069,2023-05-20,Completed,5.16,PayPal,118.17
ORD00419,CUST0290,2023-11-22,Returned,8.09,PayPal,163.44
ORD00420,CUST0276,2023-01-10,Completed,14.11,Bank Transfer,374.14
ORD00421,CUST0195,2023-12-21,Completed,9.82,Bank Transfer,871.05
ORD00422,CUST0128,2023-07-12,Completed,3.29,PayPal,649.05
ORD00423,CUST0093,2023-04-06,Completed,12.28,Credit Card,302.0
ORD00424,CUST0162,2023-12-31,Cancelled,14.94,PayPal,0.0
ORD00425,CUST0241,2023-04-15,Completed,9.33,Credit Card,432.65
ORD00426,CUST0209,2023-01-29,Completed,11.68,Bank Transfer,613.94
ORD00427,CUST0239,2023-05-13,Returned,3.73,Credit Card,252.49
ORD00428,CUST0246,2023-11-03,Completed,7.5,Credit Card,99.07
ORD00429,CUST0137,2023-06-30,Returned,7.71,Bank Transfer,404.62
ORD00430,CUST0002,2023-06-30,Completed,14.49,Bank Transfer,566.29
ORD00431,CUST0221,2023-07-02,Completed,8.59,Credit Card,426.2
ORD00432,CUST0142,2023-03-07,Completed,10.9,Credit Card,324.0
ORD00433,CUST0198,2023-02-25,Completed,12.44,Credit Card,25.41
ORD00434,CUST0208,2023-07-24,Completed,11.86,Bank Transfer,137.24
ORD00435,CUST0106,2023-06-26,Completed,14.4,Credit Card,492.72
ORD00436,CUST0188,2023-08-16,Returned,7.21,Bank Transfer,191.72
ORD00437,CUST0112,2023-12-03,Completed,11.23,Credit Card,410.06
ORD00438,CUST0181,2023-05-10,Completed,11.52,Credit Card,182.75
ORD00439,CUST0083,2023-07-21,Completed,3.72,PayPal,538.89
ORD00440,CUST0189,2023-07-21,Completed,11.05,Credit Card,512.52
ORD00441,CUST0233,2023-05-21,Completed,6.3,Credit Card,88.35
ORD00442,CUST0039,2023-09-29,Completed,12.78,Credit Card,73.86
ORD00443,CUST0127,2023-08-20,Completed,5.31,PayPal,676.93
ORD00444,CUST0043,2023-04-09,Completed,6.46,Bank Transfer,239.74
ORD00445,CUST0210,2023-02-24,Completed,4.73,PayPal,681.69
ORD00446,CUST0050,2023-04-19,Completed,11.73,Bank Transfer,263.04
ORD00447,CUST0231,2023-03-16,Completed,7.61,PayPal,163.25
ORD00448,CUST0020,2023-05-16,Completed,12.69,Bank Transfer,366.87
ORD00449,CUST0203,2023-08-18,Completed,14.57,Bank Transfer,325.95
ORD00450,CUST0226,2023-12-14,Completed,3.4,PayPal,537.2
ORD00451,CUST0060,2023-09-26,Completed,4.63,Credit Card,469.45
ORD00452,CUST0273,2023-07-13,Completed,3.97,PayPal,206.27
ORD00453,CUST0069,2023-03-30,Completed,7.52,PayPal,286.24
ORD00454,CUST0108,2023-04-15,Completed,2.08,PayPal,37.58
ORD00455,CUST0107,2023-07-20,Completed,12.56,PayPal,403.47
ORD00456,CUST0297,2023-07-06,Completed,7.6,Credit Card,352.59
ORD00457,CUST0240,2023-04-14,Completed,3.91,Credit Card,949.66
ORD00458,CUST0173,2023-04-01,Completed,10.05,PayPal,197.0
ORD00459,CUST0279,2023-02-26,Completed,8.33,Bank Transfer,698.71
ORD00460,CUST0208,2023-07-08,Completed,8.53,PayPal,268.27
ORD00461,CUST0124,2023-10-14,Completed,11.54,Bank Transfer,128.89
ORD00462,CUST0213,2023-12-19,Completed,10.62,PayPal,760.31
ORD00463,CUST0235,2023-06-12,Completed,4.04,PayPal,208.21
ORD00464,CUST0004,2023-05-16,Completed,8.87,Bank Transfer,657.34
ORD00465,CUST0196,2023-11-23,Completed,8.7,Bank Transfer,526.38
ORD00466,CUST0267,2023-10-12,Completed,9.99,Bank Transfer,161.37
ORD00467,CUST0098,2023-06-19,Completed,2.91,Credit Card,170.98
ORD00468,CUST0284,2023-08-07,Completed,3.42,Credit Card,125.49
ORD00469,CUST0013,2023-10-03,Completed,12.88,PayPal,610.22
ORD00470,CUST0271,2023-11-07,Completed,13.88,Bank Transfer,620.81
ORD00471,CUST0064,2023-03-16,Completed,7.65,PayPal,177.72
ORD00472,CUST0044,2023-07-10,Completed,8.82,PayPal,195.11
ORD00473,CUST0180,2023-05-07,Completed,4.28,Credit Card,706.38
ORD00474,CUST0066,2023-05-07,Completed,10.65,PayPal,335.99
ORD00475,CUST0135,2023-08-21,Completed,11.43,Credit Card,752.69
ORD00476,CUST0072,2023-05-20,Completed,8.05,Credit Card,290.16
ORD00477,CUST0155,2023-12-19,Completed,10.19,PayPal,460.9
ORD00478,CUST0151,2023-09-15,Completed,13.65,Bank Transfer,50.11
ORD00479,CUST0299,2023-05-25,Completed,14.97,Bank Transfer,73.5
ORD00480,CUST0028,2023-05-01,Completed,14.94,Bank Transfer,666.89
ORD00481,CUST0242,2023-11-30,Completed,10.36,PayPal,79.94
ORD00482,CUST0090,2023-04-21,Cancelled,11.16,PayPal,0.0
ORD00483,CUST0298,2023-03-31,Cancelled,9.09,Bank Transfer,0.0
ORD00484,CUST0110,2023-11-19,Completed,8.89,PayPal,95.6
ORD00485,CUST0192,2023-02-06,Completed,6.02,PayPal,569.63
ORD00486,CUST0242,2023-07-13,Completed,7.47,Bank Transfer,809.37
ORD00487,CUST0110,2023-03-29,Completed,11.97,Bank Transfer,513.63
ORD00488,CUST0270,2023-04-23,Completed,12.56,Credit Card,918.39
ORD00489,CUST0009,2023-09-01,Completed,3.47,Bank Transfer,353.2
ORD00490,CUST0204,2023-03-22,Completed,11.18,PayPal,74.17
ORD00491,CUST0279,2023-10-30,Completed,10.68,PayPal,1115.58
ORD00492,CUST0201,2023-04-15,Completed,5.39,Bank Transfer,340.87
ORD00493,CUST0081,2023-02-11,Completed,13.48,Bank Transfer,507.82
ORD00494,CUST0247,2023-06-14,Completed,6.93,Bank Transfer,193.17
ORD00495,CUST0049,2023-04-15,Cancelled,6.17,Bank Transfer,0.0
ORD00496,CUST0172,2023-08-20,Completed,9.54,Credit Card,200.28
ORD00497,CUST0254,2023-09-05,Completed,12.3,PayPal,449.88
ORD00498,CUST0236,2023-04-08,Cancelled,6.64,PayPal,0.0
ORD00499,CUST0075,2023-03-24,Completed,13.81,Credit Card,67.69
ORD00500,CUST0006,2023-08-26,Completed,14.76,PayPal,188.4
ORD00501,CUST0296,2023-11-08,Completed,12.35,Bank Transfer,622.63
ORD00502,CUST0235,2023-08-27,Completed,13.1,Credit Card,229.58
ORD00503,CUST0193,2023-06-17,Completed,14.07,Bank Transfer,50.46
ORD00504,CUST0255,2023-12-11,Completed,14.84,PayPal,324.8
ORD00505,CUST0265,2023-03-06,Completed,10.41,Credit Card,256.6
ORD00506,CUST0199,2023-11-17,Completed,5.11,Bank Transfer,318.94
ORD00507,CUST0142,2023-11-10,Completed,5.37,Bank Transfer,341.57
ORD00508,CUST0292,2023-01-13,Completed,7.58,Credit Card,345.42
ORD00509,CUST0046,2023-05-03,Completed,5.73,Bank Transfer,484.2
ORD00510,CUST0132,2023-06-29,Completed,7.04,Credit Card,140.14
ORD00511,CUST0194,2023-01-01,Completed,9.66,Bank Transfer,632.44
ORD00512,CUST0041,2023-02-22,Completed,12.28,Bank Transfer,352.36
ORD00513,CUST0241,2023-07-21,Completed,7.95,PayPal,690.63
ORD00514,CUST0062,2023-06-17,Completed,5.04,Bank Transfer,453.4
ORD00515,CUST0178,2023-12-22,Completed,4.39,PayPal,107.47
ORD00516,CUST0194,2023-05-19,Completed,6.42,Bank Transfer,394.26
ORD00517,CUST0019,2023-02-07,Completed,5.43,PayPal,396.78
ORD00518,CUST0242,2023-10-13,Completed,14.92,PayPal,142.15
ORD00519,CUST0277,2023-09-23,Completed,7.8,PayPal,811.98
ORD00520,CUST0270,2023-04-09,Returned,12.09,Credit Card,661.47
ORD00521,CUST0042,2023-04-18,Completed,12.44,PayPal,377.72
ORD00522,CUST0125,2023-05-17,Cancelled,8.8,Credit Card,0.0
ORD00523,CUST0226,2023-10-29,Completed,4.6,PayPal,659.28
ORD00524,CUST0108,2023-08-17,Completed,2.63,Credit Card,867.06
ORD00525,CUST0270,2023-04-15,Completed,6.02,PayPal,562.75
ORD00526,CUST0253,2023-10-29,Completed,4.82,PayPal,253.37
ORD00527,CUST0045,2023-02-19,Completed,10.49,Credit Card,521.14
ORD00528,CUST0087,2023-11-21,Completed,9.5,Bank Transfer,775.57
ORD00529,CUST0243,2023-08-13,Completed,12.51,Credit Card,572.36
ORD00530,CUST0218,2023-04-05,Completed,7.82,Bank Transfer,150.67
ORD00531,CUST0220,2023-06-17,Completed,4.63,Credit Card,62.72
ORD00532,CUST0153,2023-11-12,Completed,7.63,Credit Card,83.24
ORD00533,CUST0176,2023-02-04,Cancelled,5.41,Bank Transfer,0.0
ORD00534,CUST0217,2023-03-01,Completed,4.66,PayPal,695.99
ORD00535,CUST0126,2023-03-03,Completed,13.71,PayPal,1011.49
ORD00536,CUST0194,2023-03-04,Completed,3.39,PayPal,363.0
ORD00537,CUST0151,2023-03-12,Completed,9.44,PayPal,224.51
ORD00538,CUST0101,2023-05-02,Completed,11.69,Bank Transfer,330.72
ORD00539,CUST0034,2023-04-05,Completed,9.18,Bank Transfer,426.09
ORD00540,CUST0034,2023-06-21,Cancelled,11.76,Credit Card,0.0
ORD00541,CUST0152,2023-10-23,Completed,10.03,Credit Card,295.85
ORD00542,CUST0106,2023-05-28,Completed,9.94,Bank Transfer,636.48
ORD00543,CUST0246,2023-12-26,Completed,4.26,Credit Card,161.12
ORD00544,CUST0217,2023-07-25,Completed,13.94,PayPal,406.58
ORD00545,CUST0195,2023-09-09,Completed,7.82,Credit Card,242.65
ORD00546,CUST0081,2023-08-19,Completed,9.32,Credit Card,275.6
ORD00547,CUST0095,2023-05-19,Completed,11.5,Bank Transfer,219.17
ORD00548,CUST0269,2023-11-21,Completed,5.02,Bank Transfer,698.92
ORD00549,CUST0172,2023-04-08,Completed,2.02,PayPal,189.89
ORD00550,CUST0067,2023-05-09,Completed,4.37,Bank Transfer,346.03
ORD00551,CUST0087,2023-04-04,Completed,3.34,Credit Card,532.6
ORD00552,CUST0102,2023-05-01,Completed,5.78,PayPal,245.61
ORD00553,CUST0076,2023-10-23,Completed,3.2,Bank Transfer,772.43
ORD00554,CUST0221,2023-06-04,Completed,6.61,Bank Transfer,54.97
ORD00555,CUST0009,2023-10-29,Completed,9.39,Bank Transfer,352.82
ORD00556,CUST0289,2023-12-31,Completed,6.24,Bank Transfer,164.43
ORD00557,CUST0016,2023-05-31,Completed,7.88,PayPal,539.04
ORD00558,CUST0059,2023-08-21,Completed,14.6,Bank Transfer,371.13
ORD00559,CUST0157,2023-04-13,Completed,12.95,Bank Transfer,679.8
ORD00560,CUST0152,2023-12-05,Completed,12.97,Bank Transfer,426.94
ORD00561,CUST0129,2023-04-03,Completed,13.54,PayPal,218.53
ORD00562,CUST0295,2023-06-21,Completed,6.2,PayPal,571.38
ORD00563,CUST0075,2023-08-03,Completed,4.13,PayPal,93.11
ORD00564,CUST0296,2023-09-27,Completed,2.17,PayPal,1362.55
ORD00565,CUST0049,2023-12-11,Completed,8.11,PayPal,75.5
ORD00566,CUST0011,2023-05-07,Completed,2.23,Credit Card,32.92
ORD00567,CUST0069,2023-11-09,Completed,10.87,PayPal,1033.76
ORD00568,CUST0080,2023-08-29,Completed,4.46,Credit Card,128.36
ORD00569,CUST0081,2023-01-22,Completed,9.89,Bank Transfer,172.54
ORD00570,CUST0084,2023-03-22,Completed,3.38,Bank Transfer,38.06
ORD00571,CUST0137,2023-06-06,Completed,8.5,Bank Transfer,721.9
ORD00572,CUST0000,2023-06-07,Cancelled,2.67,PayPal,0.0
ORD00573,CUST0059,2023-05-29,Cancelled,2.47,Bank Transfer,0.0
ORD00574,CUST0150,2023-10-02,Completed,13.82,PayPal,946.61
ORD00575,CUST0294,2023-12-01,Completed,11.27,Bank Transfer,644.81
ORD00576,CUST0296,2023-06-14,Completed,3.54,Credit Card,509.87
ORD00577,CUST0273,2023-01-27,Completed,6.16,PayPal,100.75
ORD00578,CUST0196,2023-03-10,Returned,6.49,Credit Card,285.17
ORD00579,CUST0011,2023-01-19,Completed,14.37,Credit Card,487.9
ORD00580,CUST0038,2023-06-23,Completed,8.22,Bank Transfer,70.28
ORD00581,CUST0265,2023-04-29,Completed,6.76,PayPal,720.14
ORD00582,CUST0124,2023-01-05,Completed,10.09,Bank Transfer,198.7
ORD00583,CUST0203,2023-10-22,Completed,14.21,PayPal,255.11
ORD00584,CUST0125,2023-06-06,Cancelled,11.52,PayPal,0.0
ORD00585,CUST0050,2023-12-11,Completed,14.6,PayPal,338.9
ORD00586,CUST0110,2023-11-21,Completed,10.35,Credit Card,41.9
ORD00587,CUST0288,2023-12-17,Completed,9.17,Bank Transfer,726.3
ORD00588,CUST0170,2023-06-29,Completed,12.91,PayPal,366.6
ORD00589,CUST0035,2023-12-15,Completed,7.76,Bank Transfer,497.29
ORD00590,CUST0185,2023-01-27,Completed,2.73,PayPal,390.22
ORD00591,CUST0068,2023-07-29,Completed,10.7,Bank Transfer,323.96
ORD00592,CUST0266,2023-08-26,Returned,14.77,Bank Transfer,553.59
ORD00593,CUST0112,2023-03-04,Cancelled,13.82,PayPal,0.0
ORD00594,CUST0145,2023-07-24,Completed,3.51,Bank Transfer,687.74
ORD00595,CUST0271,2023-03-28,Completed,13.6,PayPal,517.63
ORD00596,CUST0267,2023-09-22,Completed,7.18,Bank Transfer,338.99
ORD00597,CUST0187,2023-10-07,Completed,7.47,PayPal,567.92
ORD00598,CUST0132,2023-04-15,Completed,12.5,Bank Transfer,806.29
ORD00599,CUST0155,2023-07-02,Cancelled,6.74,PayPal,0.0
ORD00600,CUST0198,2023-05-02,Completed,14.29,Bank Transfer,350.56
ORD00601,CUST0126,2023-01-04,Completed,14.54,Credit Card,58.9
ORD00602,CUST0004,2023-07-09,Completed,14.46,Bank Transfer,281.52
ORD00603,CUST0224,2023-01-28,Returned,2.1,Bank Transfer,414.68
ORD00604,CUST0115,2023-09-12,Completed,13.8,Bank Transfer,83.21
ORD00605,CUST0041,2023-03-19,Completed,11.23,PayPal,427.15
ORD00606,CUST0050,2023-10-20,Completed,13.52,PayPal,35.3
ORD00607,CUST0218,2023-09-19,Completed,11.9,Credit Card,884.58
ORD00608,CUST0139,2023-04-07,Completed,10.77,PayPal,876.41
ORD00609,CUST0032,2023-06-26,Completed,12.78,Credit Card,193.12
ORD00610,CUST0030,2023-11-02,Completed,11.8,PayPal,273.71
ORD00611,CUST0241,2023-05-01,Completed,10.23,Credit Card,233.81
ORD00612,CUST0263,2023-01-26,Completed,2.67,Bank Transfer,413.74
ORD00613,CUST0075,2023-04-07,Completed,9.63,Bank Transfer,488.32
ORD00614,CUST0206,2023-08-10,Completed,13.24,PayPal,1181.6
ORD00615,CUST0014,2023-05-14,Cancelled,8.22,Bank Transfer,0.0
ORD00616,CUST0031,2023-11-13,Completed,11.09,PayPal,382.56
ORD00617,CUST0107,2023-08-22,Completed,3.47,Credit Card,291.62
ORD00618,CUST0160,2023-01-11,Completed,9.37,Bank Transfer,627.81
ORD00619,CUST0241,2023-10-29,Completed,9.35,Credit Card,753.47
ORD00620,CUST0277,2023-04-20,Completed,9.76,Credit Card,206.44
ORD00621,CUST0153,2023-08-28,Completed,13.86,Bank Transfer,320.3
ORD00622,CUST0073,2023-07-24,Completed,12.31,PayPal,305.65
ORD00623,CUST0246,2023-11-30,Completed,9.4,Bank Transfer,139.35
ORD00624,CUST0195,2023-03-23,Completed,10.11,Credit Card,226.97
ORD00625,CUST0038,2023-10-30,Completed,14.91,PayPal,394.34
ORD00626,CUST0154,2023-04-22,Returned,7.1,PayPal,317.3
ORD00627,CUST0042,2023-07-29,Cancelled,5.66,Credit Card,0.0
ORD00628,CUST0006,2023-09-11,Completed,12.17,Bank Transfer,292.73
ORD00629,CUST0201,2023-10-03,Returned,13.51,PayPal,485.37
ORD00630,CUST0061,2023-02-12,Completed,14.82,PayPal,152.73
ORD00631,CUST0046,2023-07-26,Completed,9.24,PayPal,189.63
ORD00632,CUST0012,2023-01-11,Returned,14.49,Credit Card,839.2
ORD00633,CUST0033,2023-06-27,Completed,11.07,Credit Card,258.55
ORD00634,CUST0226,2023-03-01,Cancelled,5.74,Credit Card,0.0
ORD00635,CUST0164,2023-09-23,Completed,9.43,PayPal,301.44
ORD00636,CUST0293,2023-09-30,Completed,14.6,Credit Card,831.78
ORD00637,CUST0190,2023-11-27,Completed,2.65,Bank Transfer,84.37
ORD00638,CUST0284,2023-10-04,Cancelled,13.6,PayPal,0.0
ORD00639,CUST0280,2023-02-15,Completed,11.16,Credit Card,469.94
ORD00640,CUST0167,2023-01-11,Completed,10.86,Bank Transfer,815.92
ORD00641,CUST0049,2023-06-22,Completed,10.01,PayPal,502.22
ORD00642,CUST0005,2023-05-10,Completed,10.33,Credit Card,138.41
ORD00643,CUST0191,2023-07-02,Completed,2.84,PayPal,675.91
ORD00644,CUST0219,2023-03-07,Cancelled,11.15,PayPal,0.0
ORD00645,CUST0180,2023-10-19,Completed,4.83,Bank Transfer,429.75
ORD00646,CUST0174,2023-03-08,Completed,7.95,PayPal,881.7
ORD00647,CUST0237,2023-07-27,Returned,10.34,PayPal,621.5
ORD00648,CUST0028,2023-04-06,Completed,4.97,PayPal,128.78
ORD00649,CUST0267,2023-04-29,Cancelled,14.22,Bank Transfer,0.0
ORD00650,CUST0239,2023-09-05,Completed,9.02,Credit Card,387.13
ORD00651,CUST0251,2023-01-02,Completed,4.27,PayPal,683.98
ORD00652,CUST0285,2023-04-12,Cancelled,8.9,PayPal,0.0
ORD00653,CUST0243,2023-10-08,Completed,13.93,Credit Card,44.53
ORD00654,CUST0213,2023-05-23,Completed,2.38,PayPal,1018.08
ORD00655,CUST0088,2023-05-20,Completed,12.04,Credit Card,378.04
ORD00656,CUST0282,2023-03-06,Cancelled,9.27,Credit Card,0.0
ORD00657,CUST0129,2023-02-26,Completed,3.24,Credit Card,816.53
ORD00658,CUST0253,2023-04-13,Completed,10.95,Bank Transfer,708.04
ORD00659,CUST0110,2023-04-22,Completed,5.0,PayPal,636.87
ORD00660,CUST0128,2023-03-31,Completed,12.56,PayPal,629.3
ORD00661,CUST0083,2023-06-02,Completed,12.06,Credit Card,344.48
ORD00662,CUST0259,2023-11-30,Completed,10.98,PayPal,138.3
ORD00663,CUST0066,2023-11-16,Completed,11.57,Bank Transfer,391.86
ORD00664,CUST0208,2023-07-24,Completed,11.01,Credit Card,380.79
ORD00665,CUST0001,2023-12-08,Completed,5.62,PayPal,854.42
ORD00666,CUST0019,2023-02-25,Completed,3.36,Credit Card,405.71
ORD00667,CUST0002,2023-02-15,Completed,12.7,Bank Transfer,487.07
ORD00668,CUST0074,2023-04-12,Completed,3.62,Credit Card,248.05
ORD00669,CUST0299,2023-02-18,Completed,3.42,Credit Card,587.82
ORD00670,CUST0044,2023-04-12,Completed,5.3,Credit Card,588.68
ORD00671,CUST0262,2023-03-25,Completed,4.39,Credit Card,551.84
ORD00672,CUST0231,2023-03-12,Completed,3.35,Credit Card,433.7
ORD00673,CUST0237,2023-02-07,Completed,7.99,PayPal,287.87
ORD00674,CUST0126,2023-04-21,Completed,4.24,Bank Transfer,349.48
ORD00675,CUST0067,2023-03-21,Completed,12.08,Bank Transfer,726.6
ORD00676,CUST0057,2023-04-29,Completed,14.21,PayPal,230.45
ORD00677,CUST0285,2023-03-05,Cancelled,14.51,Credit Card,0.0
ORD00678,CUST0269,2023-02-12,Completed,14.6,PayPal,127.74
ORD00679,CUST0163,2023-06-18,Completed,4.97,Credit Card,580.92
ORD00680,CUST0014,2023-11-09,Completed,9.12,Credit Card,306.69
ORD00681,CUST0247,2023-07-25,Completed,4.17,Bank Transfer,307.91
ORD00682,CUST0274,2023-05-14,Completed,13.88,Credit Card,356.93
ORD00683,CUST0122,2023-09-17,Completed,11.36,Bank Transfer,397.62
ORD00684,CUST0039,2023-02-07,Completed,5.46,Credit Card,665.68
ORD00685,CUST0160,2023-05-06,Completed,9.9,Bank Transfer,200.84
ORD00686,CUST0247,2023-09-27,Completed,9.89,Bank Transfer,615.14
ORD00687,CUST0127,2023-04-23,Completed,11.72,Bank Transfer,480.26
ORD00688,CUST0126,2023-09-06,Completed,8.64,Bank Transfer,1277.59
ORD00689,CUST0128,2023-02-13,Completed,8.6,Credit Card,976.4
ORD00690,CUST0079,2023-11-26,Completed,6.84,Credit Card,666.0
ORD00691,CUST0000,2023-05-24,Completed,11.22,PayPal,405.83
ORD00692,CUST0034,2023-05-13,Completed,4.29,Credit Card,397.58
ORD00693,CUST0184,2023-01-22,Completed,8.55,Credit Card,448.68
ORD00694,CUST0161,2023-06-30,Cancelled,12.96,PayPal,0.0
ORD00695,CUST0269,2023-09-03,Cancelled,11.04,Bank Transfer,0.0
ORD00696,CUST0292,2023-08-17,Completed,14.65,Bank Transfer,654.3
ORD00697,CUST0119,2023-04-24,Completed,14.64,Credit Card,175.18
ORD00698,CUST0268,2023-01-05,Completed,10.92,Credit Card,165.44
ORD00699,CUST0000,2023-06-25,Completed,8.71,Credit Card,764.58
ORD00700,CUST0063,2023-06-18,Cancelled,5.69,PayPal,0.0
ORD00701,CUST0057,2023-05-30,Completed,2.71,PayPal,44.93
ORD00702,CUST0233,2023-11-06,Completed,3.53,PayPal,240.35
ORD00703,CUST0183,2023-09-14,Completed,13.5,PayPal,236.29
ORD00704,CUST0089,2023-05-20,Completed,9.72,Credit Card,281.17
ORD00705,CUST0109,2023-01-17,Completed,11.92,PayPal,806.86
ORD00706,CUST0250,2023-07-20,Completed,13.84,Bank Transfer,596.69
ORD00707,CUST0179,2023-11-18,Completed,14.54,Credit Card,539.22
ORD00708,CUST0185,2023-08-26,Completed,2.53,Credit Card,418.06
ORD00709,CUST0043,2023-10-31,Completed,4.33,Credit Card,226.11
ORD00710,CUST0295,2023-06-17,Completed,5.63,PayPal,723.65
ORD00711,CUST0242,2023-06-09,Completed,14.61,PayPal,358.82
ORD00712,CUST0275,2023-05-29,Completed,12.02,PayPal,64.4
ORD00713,CUST0167,2023-12-13,Completed,7.03,Bank Transfer,488.01
ORD00714,CUST0183,2023-12-15,Completed,5.39,Bank Transfer,338.77
ORD00715,CUST0261,2023-01-15,Completed,4.08,PayPal,224.89
ORD00716,CUST0276,2023-09-14,Completed,11.8,PayPal,370.41
ORD00717,CUST0137,2023-02-12,Completed,14.08,PayPal,289.34
ORD00718,CUST0039,2023-10-20,Completed,11.74,Credit Card,731.86
ORD00719,CUST0222,2023-06-01,Completed,6.19,Bank Transfer,836.94
ORD00720,CUST0154,2023-05-04,Completed,7.86,Bank Transfer,42.34
ORD00721,CUST0180,2023-06-08,Completed,13.11,Bank Transfer,485.79
ORD00722,CUST0019,2023-01-13,Completed,3.52,Credit Card,317.93
ORD00723,CUST0285,2023-03-04,Completed,5.44,Bank Transfer,375.02
ORD00724,CUST0066,2023-11-15,Completed,11.4,PayPal,320.66
ORD00725,CUST0283,2023-08-17,Completed,11.62,Credit Card,274.72
ORD00726,CUST0033,2023-02-02,Completed,13.91,Bank Transfer,752.76
ORD00727,CUST0110,2023-06-02,Completed,6.52,PayPal,475.33
ORD00728,CUST0060,2023-02-22,Cancelled,12.71,Credit Card,0.0
ORD00729,CUST0229,2023-05-27,Completed,5.04,Bank Transfer,197.46
ORD00730,CUST0057,2023-01-26,Completed,2.24,PayPal,420.34
ORD00731,CUST0000,2023-06-11,Completed,13.79,Credit Card,717.89
ORD00732,CUST0101,2023-05-09,Completed,14.88,Bank Transfer,610.5
ORD00733,CUST0032,2023-12-21,Completed,2.7,PayPal,268.74
ORD00734,CUST0021,2023-11-25,Completed,8.17,Credit Card,571.13
ORD00735,CUST0131,2023-12-02,Returned,12.21,Credit Card,780.5
ORD00736,CUST0149,2023-05-16,Completed,6.06,PayPal,152.26
ORD00737,CUST0130,2023-07-25,Completed,14.22,Bank Transfer,476.21
ORD00738,CUST0130,2023-02-24,Completed,9.93,PayPal,226.2
ORD00739,CUST0015,2023-10-24,Completed,8.65,Credit Card,811.19
ORD00740,CUST0138,2023-11-13,Returned,14.32,PayPal,511.66
ORD00741,CUST0258,2023-01-30,Completed,2.04,PayPal,381.08
ORD00742,CUST0137,2023-07-08,Completed,11.64,Credit Card,541.03
ORD00743,CUST0263,2023-06-14,Cancelled,11.1,PayPal,0.0
ORD00744,CUST0254,2023-05-12,Completed,12.42,Bank Transfer,516.78
ORD00745,CUST0254,2023-11-22,Completed,13.77,Credit Card,118.81
ORD00746,CUST0202,2023-10-07,Completed,13.8,PayPal,673.49
ORD00747,CUST0003,2023-03-01,Completed,9.73,Bank Transfer,184.63
ORD00748,CUST0141,2023-12-01,Completed,3.8,Bank Transfer,167.73
ORD00749,CUST0141,2023-02-22,Completed,8.58,PayPal,279.91
ORD00750,CUST0152,2023-08-01,Cancelled,10.93,Bank Transfer,0.0
ORD00751,CUST0206,2023-10-07,Completed,8.38,Bank Transfer,649.87
ORD00752,CUST0126,2023-03-31,Completed,10.36,PayPal,523.77
ORD00753,CUST0101,2023-01-22,Completed,10.76,Credit Card,441.52
ORD00754,CUST0083,2023-11-06,Returned,9.8,Credit Card,120.57
ORD00755,CUST0130,2023-07-11,Completed,11.52,PayPal,88.34
ORD00756,CUST0281,2023-02-14,Completed,12.53,Bank Transfer,751.96
ORD00757,CUST0103,2023-11-21,Completed,4.06,PayPal,157.28
ORD00758,CUST0150,2023-07-27,Completed,4.87,Bank Transfer,633.0
ORD00759,CUST0279,2023-11-23,Completed,8.3,Credit Card,830.41
ORD00760,CUST0092,2023-07-20,Completed,9.84,PayPal,208.71
ORD00761,CUST0031,2023-08-20,Returned,12.63,Bank Transfer,433.0
ORD00762,CUST0068,2023-12-17,Completed,6.28,PayPal,242.22
ORD00763,CUST0229,2023-06-19,Completed,13.66,Bank Transfer,340.98
ORD00764,CUST0150,2023-01-09,Completed,5.1,PayPal,141.13
ORD00765,CUST0179,2023-11-20,Completed,6.18,PayPal,573.76
ORD00766,CUST0169,2023-01-17,Completed,13.05,Bank Transfer,101.09
ORD00767,CUST0266,2023-08-31,Completed,12.33,Bank Transfer,450.4
ORD00768,CUST0041,2023-12-24,Completed,13.26,Credit Card,750.06
ORD00769,CUST0187,2023-09-03,Completed,11.58,Credit Card,533.32
ORD00770,CUST0098,2023-09-06,Completed,4.98,Credit Card,386.57
ORD00771,CUST0206,2023-07-06,Completed,9.38,Bank Transfer,94.45
ORD00772,CUST0206,2023-04-10,Completed,10.36,Credit Card,124.3
ORD00773,CUST0270,2023-08-09,Completed,10.03,Bank Transfer,56.16
ORD00774,CUST0264,2023-07-28,Completed,14.21,Bank Transfer,62.93
ORD00775,CUST0154,2023-05-25,Cancelled,4.41,Credit Card,0.0
ORD00776,CUST0240,2023-10-06,Completed,11.68,Bank Transfer,193.93
ORD00777,CUST0279,2023-03-27,Returned,11.84,PayPal,503.63
ORD00778,CUST0186,2023-06-16,Completed,4.58,PayPal,480.81
ORD00779,CUST0142,2023-11-10,Completed,11.48,Credit Card,560.33
ORD00780,CUST0185,2023-10-13,Completed,10.65,Credit Card,470.49
ORD00781,CUST0154,2023-06-08,Completed,7.35,Bank Transfer,122.69
ORD00782,CUST0074,2023-01-18,Completed,11.25,Bank Transfer,774.35
ORD00783,CUST0278,2023-10-08,Completed,2.45,Bank Transfer,152.52
ORD00784,CUST0149,2023-12-17,Completed,11.29,Bank Transfer,585.97
ORD00785,CUST0002,2023-02-17,Completed,8.09,Credit Card,222.86
ORD00786,CUST0135,2023-10-26,Completed,12.65,Bank Transfer,362.15
ORD00787,CUST0249,2023-09-21,Completed,7.08,PayPal,660.62
ORD00788,CUST0293,2023-10-17,Completed,8.75,Bank Transfer,1003.1
ORD00789,CUST0016,2023-09-26,Completed,9.16,Bank Transfer,239.71
ORD00790,CUST0110,2023-04-20,Completed,8.4,Bank Transfer,132.09
ORD00791,CUST0261,2023-11-21,Completed,5.49,Bank Transfer,577.41
ORD00792,CUST0244,2023-03-23,Returned,13.84,PayPal,437.38
ORD00793,CUST0205,2023-12-12,Completed,10.24,Bank Transfer,234.16
ORD00794,CUST0131,2023-08-05,Completed,6.83,PayPal,103.9
ORD00795,CUST0198,2023-06-18,Completed,14.57,Credit Card,355.96
ORD00796,CUST0051,2023-02-03,Completed,5.33,PayPal,492.2
ORD00797,CUST0254,2023-06-01,Completed,8.09,Credit Card,363.93
ORD00798,CUST0188,2023-09-10,Completed,6.18,Credit Card,393.37
ORD00799,CUST0267,2023-08-27,Completed,2.53,Bank Transfer,196.27
ORD00800,CUST0232,2023-05-31,Completed,13.37,PayPal,724.96
ORD00801,CUST0065,2023-01-12,Returned,3.7,Credit Card,547.71
ORD00802,CUST0274,2023-11-15,Completed,9.73,Bank Transfer,699.19
ORD00803,CUST0150,2023-04-17,Completed,9.46,PayPal,701.03
ORD00804,CUST0204,2023-10-12,Completed,9.96,Credit Card,110.8
ORD00805,CUST0259,2023-03-04,Completed,13.9,Credit Card,483.19
ORD00806,CUST0181,2023-12-02,Completed,10.81,Credit Card,207.28
ORD00807,CUST0284,2023-07-29,Completed,12.25,PayPal,351.64
ORD00808,CUST0213,2023-05-25,Cancelled,8.22,PayPal,0.0
ORD00809,CUST0009,2023-07-07,Completed,12.72,Credit Card,755.28
ORD00810,CUST0293,2023-05-19,Completed,4.43,Bank Transfer,377.7
ORD00811,CUST0014,2023-06-19,Completed,4.04,Credit Card,565.05
ORD00812,CUST0285,2023-11-24,Completed,3.62,PayPal,405.53
ORD00813,CUST0291,2023-02-15,Returned,3.39,PayPal,264.5
ORD00814,CUST0053,2023-07-31,Completed,8.21,PayPal,764.97
ORD00815,CUST0008,2023-05-01,Completed,2.82,Credit Card,448.28
ORD00816,CUST0150,2023-09-07,Cancelled,5.44,Bank Transfer,0.0
ORD00817,CUST0051,2023-05-05,Completed,11.52,Credit Card,463.33
ORD00818,CUST0049,2023-12-07,Completed,3.3,PayPal,767.21
ORD00819,CUST0116,2023-01-22,Completed,10.16,PayPal,269.17
ORD00820,CUST0062,2023-06-06,Completed,10.75,Bank Transfer,136.38
ORD00821,CUST0071,2023-10-17,Completed,12.22,PayPal,158.95
ORD00822,CUST0147,2023-09-19,Completed,11.23,Credit Card,230.2
ORD00823,CUST0101,2023-01-20,Completed,14.03,PayPal,450.53
ORD00824,CUST0082,2023-01-07,Completed,9.84,PayPal,695.2
ORD00825,CUST0290,2023-02-26,Completed,6.31,PayPal,107.33
ORD00826,CUST0268,2023-10-17,Completed,10.92,Bank Transfer,260.22
ORD00827,CUST0128,2023-11-14,Completed,4.92,Bank Transfer,239.42
ORD00828,CUST0209,2023-03-01,Completed,9.91,PayPal,293.2
ORD00829,CUST0295,2023-09-06,Completed,5.35,Bank Transfer,418.69
ORD00830,CUST0286,2023-03-12,Completed,14.83,Bank Transfer,909.84
ORD00831,CUST0204,2023-07-09,Completed,5.99,Credit Card,93.73
ORD00832,CUST0150,2023-03-26,Completed,2.94,Credit Card,141.55
ORD00833,CUST0209,2023-06-21,Completed,7.25,PayPal,624.1
ORD00834,CUST0155,2023-06-16,Completed,13.76,PayPal,76.19
ORD00835,CUST0230,2023-02-17,Completed,7.52,Credit Card,294.73
ORD00836,CUST0119,2023-04-18,Completed,14.85,PayPal,369.28
ORD00837,CUST0143,2023-11-20,Completed,6.25,Credit Card,84.31
ORD00838,CUST0183,2023-06-24,Completed,3.04,Bank Transfer,557.44
ORD00839,CUST0001,2023-03-17,Completed,14.45,PayPal,103.88
ORD00840,CUST0256,2023-03-26,Completed,14.86,Credit Card,547.86
ORD00841,CUST0055,2023-06-29,Completed,5.74,Bank Transfer,87.73
ORD00842,CUST0005,2023-09-15,Completed,11.95,Bank Transfer,381.6
ORD00843,CUST0138,2023-05-10,Completed,10.29,PayPal,775.4
ORD00844,CUST0295,2023-09-24,Returned,9.96,Bank Transfer,383.57
ORD00845,CUST0224,2023-10-05,Completed,10.48,Bank Transfer,612.04
ORD00846,CUST0052,2023-04-17,Completed,3.13,Bank Transfer,331.94
ORD00847,CUST0163,2023-06-01,Completed,10.3,Bank Transfer,588.64
ORD00848,CUST0048,2023-03-19,Completed,9.88,PayPal,367.26
ORD00849,CUST0082,2023-05-14,Completed,9.89,PayPal,919.97
ORD00850,CUST0279,2023-02-04,Completed,7.9,Credit Card,557.5
ORD00851,CUST0206,2023-06-28,Returned,7.89,Bank Transfer,255.34
ORD00852,CUST0065,2023-06-05,Completed,11.08,Bank Transfer,607.18
ORD00853,CUST0082,2023-03-27,Cancelled,13.21,Bank Transfer,0.0
ORD00854,CUST0059,2023-07-04,Completed,11.55,PayPal,294.69
ORD00855,CUST0039,2023-08-06,Completed,9.04,Bank Transfer,244.32
ORD00856,CUST0018,2023-03-16,Completed,7.24,Bank Transfer,224.64
ORD00857,CUST0165,2023-04-20,Completed,11.92,Bank Transfer,71.5
ORD00858,CUST0136,2023-10-30,Completed,12.64,PayPal,50.5
ORD00859,CUST0142,2023-02-02,Completed,6.02,Bank Transfer,135.3
ORD00860,CUST0269,2023-03-29,Completed,11.65,PayPal,194.98
ORD00861,CUST0116,2023-02-19,Completed,3.72,Bank Transfer,190.4
ORD00862,CUST0262,2023-09-22,Completed,3.32,Bank Transfer,210.18
ORD00863,CUST0283,2023-12-15,Cancelled,13.94,Credit Card,0.0
ORD00864,CUST0167,2023-06-20,Completed,6.93,PayPal,514.59
ORD00865,CUST0193,2023-10-03,Completed,11.23,Credit Card,1055.62
ORD00866,CUST0019,2023-01-14,Completed,11.55,Credit Card,518.97
ORD00867,CUST0112,2023-08-05,Completed,8.3,Bank Transfer,149.18
ORD00868,CUST0101,2023-04-14,Cancelled,11.74,Bank Transfer,0.0
ORD00869,CUST0264,2023-03-28,Completed,3.7,Bank Transfer,298.41
ORD00870,CUST0270,2023-02-20,Completed,10.01,Credit Card,227.06
ORD00871,CUST0201,2023-03-16,Completed,7.2,Bank Transfer,889.16
ORD00872,CUST0022,2023-05-06,Completed,13.92,PayPal,624.66
ORD00873,CUST0255,2023-09-21,Completed,7.12,Credit Card,913.8
ORD00874,CUST0237,2023-02-12,Completed,9.08,Bank Transfer,198.17
ORD00875,CUST0071,2023-06-22,Completed,2.01,PayPal,387.58
ORD00876,CUST0106,2023-04-16,Completed,3.04,Bank Transfer,62.8
ORD00877,CUST0144,2023-01-25,Completed,4.06,Bank Transfer,413.43
ORD00878,CUST0104,2023-01-13,Completed,10.49,PayPal,80.91
ORD00879,CUST0089,2023-08-12,Completed,14.11,Credit Card,628.61
ORD00880,CUST0233,2023-07-25,Completed,13.9,PayPal,419.72
ORD00881,CUST0211,2023-06-01,Completed,7.3,PayPal,882.15
ORD00882,CUST0152,2023-11-15,Completed,10.12,Bank Transfer,515.13
ORD00883,CUST0050,2023-08-25,Completed,13.97,Bank Transfer,174.11
ORD00884,CUST0178,2023-05-03,Completed,14.69,PayPal,493.22
ORD00885,CUST0128,2023-02-07,Completed,9.06,Bank Transfer,479.57
ORD00886,CUST0136,2023-06-03,Completed,6.1,Credit Card,629.47
ORD00887,CUST0200,2023-12-28,Completed,3.1,Bank Transfer,222.37
ORD00888,CUST0235,2023-04-02,Completed,8.11,PayPal,297.1
ORD00889,CUST0271,2023-06-14,Completed,8.07,Credit Card,274.44
ORD00890,CUST0069,2023-10-29,Completed,9.56,PayPal,69.22
ORD00891,CUST0149,2023-08-14,Returned,14.15,Credit Card,179.05
ORD00892,CUST0155,2023-01-16,Completed,11.35,PayPal,711.45
ORD00893,CUST0035,2023-09-22,Completed,10.89,Bank Transfer,70.63
ORD00894,CUST0029,2023-06-02,Completed,13.67,Credit Card,631.59
ORD00895,CUST0132,2023-12-05,Completed,8.93,PayPal,486.54
ORD00896,CUST0089,2023-06-07,Cancelled,3.14,Bank Transfer,0.0
ORD00897,CUST0097,2023-09-17,Completed,8.54,Credit Card,227.43
ORD00898,CUST0046,2023-05-15,Completed,5.11,Bank Transfer,178.08
ORD00899,CUST0272,2023-01-17,Completed,4.56,Credit Card,1254.14
ORD00900,CUST0175,2023-08-28,Completed,10.41,Bank Transfer,443.29
ORD00901,CUST0193,2023-02-05,Completed,2.88,Credit Card,655.18
ORD00902,CUST0266,2023-07-23,Completed,7.0,PayPal,754.57
ORD00903,CUST0149,2023-05-13,Completed,2.09,PayPal,282.23
ORD00904,CUST0255,2023-08-21,Completed,6.75,Credit Card,193.68
ORD00905,CUST0163,2023-01-07,Completed,8.72,Bank Transfer,79.67
ORD00906,CUST0158,2023-01-24,Returned,4.37,Credit Card,333.29
ORD00907,CUST0213,2023-02-09,Completed,2.94,PayPal,196.95
ORD00908,CUST0120,2023-11-10,Completed,8.42,Credit Card,244.3
ORD00909,CUST0254,2023-07-07,Completed,8.46,PayPal,517.51
ORD00910,CUST0008,2023-01-20,Completed,14.43,Bank Transfer,426.39
ORD00911,CUST0263,2023-05-05,Completed,8.69,Credit Card,195.19
ORD00912,CUST0191,2023-06-25,Completed,11.61,Credit Card,62.13
ORD00913,CUST0222,2023-07-22,Completed,9.52,Bank Transfer,156.39
ORD00914,CUST0171,2023-05-22,Cancelled,8.91,Credit Card,0.0
ORD00915,CUST0189,2023-11-08,Cancelled,5.12,Credit Card,0.0
ORD00916,CUST0293,2023-03-24,Completed,4.77,Credit Card,474.15
ORD00917,CUST0128,2023-11-03,Cancelled,6.72,Credit Card,0.0
ORD00918,CUST0019,2023-08-04,Returned,8.28,PayPal,795.76
ORD00919,CUST0211,2023-02-19,Completed,14.58,Credit Card,726.18
ORD00920,CUST0244,2023-08-25,Cancelled,9.22,PayPal,0.0
ORD00921,CUST0038,2023-03-04,Cancelled,12.48,Credit Card,0.0
ORD00922,CUST0093,2023-10-20,Completed,6.55,Bank Transfer,441.56
ORD00923,CUST0094,2023-04-16,Completed,8.42,PayPal,588.65
ORD00924,CUST0106,2023-09-03,Completed,2.43,Bank Transfer,589.61
ORD00925,CUST0229,2023-09-19,Completed,12.62,PayPal,299.41
ORD00926,CUST0197,2023-07-01,Cancelled,11.7,Credit Card,0.0
ORD00927,CUST0283,2023-09-28,Cancelled,13.53,PayPal,0.0
ORD00928,CUST0206,2023-03-29,Completed,9.68,Credit Card,606.44
ORD00929,CUST0185,2023-09-10,Completed,2.03,Bank Transfer,149.97
ORD00930,CUST0262,2023-05-29,Completed,3.13,PayPal,399.74
ORD00931,CUST0067,2023-02-04,Completed,4.96,Credit Card,767.04
ORD00932,CUST0060,2023-01-06,Completed,2.4,PayPal,390.0
ORD00933,CUST0267,2023-10-27,Completed,2.72,Credit Card,324.23
ORD00934,CUST0193,2023-10-07,Completed,4.85,Bank Transfer,406.33
ORD00935,CUST0034,2023-02-23,Cancelled,13.23,PayPal,0.0
ORD00936,CUST0141,2023-03-28,Completed,5.72,Credit Card,612.6
ORD00937,CUST0002,2023-05-04,Completed,3.09,Credit Card,619.84
ORD00938,CUST0039,2023-01-04,Completed,4.88,Credit Card,1065.83
ORD00939,CUST0161,2023-10-20,Completed,2.3,Credit Card,125.43
ORD00940,CUST0003,2023-05-09,Completed,14.2,PayPal,188.92
ORD00941,CUST0105,2023-03-22,Completed,8.71,PayPal,363.87
ORD00942,CUST0077,2023-01-15,Returned,12.15,PayPal,230.77
ORD00943,CUST0161,2023-06-25,Completed,10.96,Bank Transfer,446.56
ORD00944,CUST0117,2023-07-23,Completed,13.38,Bank Transfer,528.08
ORD00945,CUST0165,2023-10-14,Completed,7.03,Credit Card,279.07
ORD00946,CUST0093,2023-04-30,Completed,2.79,Credit Card,120.89
ORD00947,CUST0060,2023-03-11,Completed,13.27,Credit Card,208.02
ORD00948,CUST0212,2023-09-25,Completed,6.15,Bank Transfer,572.69
ORD00949,CUST0168,2023-02-19,Cancelled,11.45,Bank Transfer,0.0
ORD00950,CUST0295,2023-06-16,Completed,3.28,Bank Transfer,455.22
ORD00951,CUST0244,2023-08-29,Completed,7.45,PayPal,928.19
ORD00952,CUST0205,2023-09-28,Completed,3.29,Credit Card,139.4
ORD00953,CUST0070,2023-12-10,Completed,7.59,Credit Card,337.62
ORD00954,CUST0118,2023-01-06,Completed,3.21,PayPal,88.67
ORD00955,CUST0134,2023-02-01,Completed,14.77,Bank Transfer,243.14
ORD00956,CUST0251,2023-08-08,Completed,6.4,Bank Transfer,447.38
ORD00957,CUST0050,2023-07-22,Completed,11.16,PayPal,194.73
ORD00958,CUST0024,2023-09-21,Completed,4.12,Bank Transfer,454.05
ORD00959,CUST0139,2023-03-31,Completed,2.99,Credit Card,882.37
ORD00960,CUST0015,2023-11-20,Completed,10.1,Bank Transfer,430.47
ORD00961,CUST0093,2023-08-22,Cancelled,6.79,Credit Card,0.0
ORD00962,CUST0073,2023-06-24,Completed,10.3,Bank Transfer,459.76
ORD00963,CUST0236,2023-05-12,Completed,14.83,Credit Card,84.57
ORD00964,CUST0101,2023-01-05,Cancelled,8.62,Credit Card,0.0
ORD00965,CUST0120,2023-04-14,Completed,8.45,Bank Transfer,414.03
ORD00966,CUST0212,2023-12-05,Cancelled,12.06,Credit Card,0.0
ORD00967,CUST0032,2023-06-02,Completed,13.78,Credit Card,870.09
ORD00968,CUST0111,2023-11-30,Completed,11.46,Bank Transfer,421.55
ORD00969,CUST0059,2023-03-05,Completed,5.53,Bank Transfer,325.61
ORD00970,CUST0280,2023-05-31,Completed,8.67,Bank Transfer,477.45
ORD00971,CUST0171,2023-06-05,Completed,5.02,Bank Transfer,188.7
ORD00972,CUST0090,2023-03-21,Completed,14.74,Credit Card,235.0
ORD00973,CUST0046,2023-12-22,Completed,12.59,Bank Transfer,153.18
ORD00974,CUST0029,2023-10-17,Completed,5.07,Bank Transfer,726.4
ORD00975,CUST0270,2023-11-20,Completed,5.3,PayPal,173.03
ORD00976,CUST0047,2023-05-09,Completed,11.69,PayPal,235.33
ORD00977,CUST0171,2023-09-26,Completed,3.62,PayPal,12.91
ORD00978,CUST0254,2023-03-16,Completed,2.73,Credit Card,889.85
ORD00979,CUST0091,2023-12-01,Completed,9.57,Bank Transfer,207.73
ORD00980,CUST0089,2023-03-24,Completed,8.54,PayPal,332.48
ORD00981,CUST0256,2023-11-22,Completed,11.13,Credit Card,477.79
ORD00982,CUST0007,2023-06-04,Completed,5.03,Credit Card,41.94
ORD00983,CUST0012,2023-08-18,Cancelled,5.86,Credit Card,0.0
ORD00984,CUST0250,2023-05-19,Returned,6.15,PayPal,188.53
ORD00985,CUST0019,2023-01-22,Completed,13.47,PayPal,467.97
ORD00986,CUST0101,2023-10-14,Completed,14.65,Credit Card,287.03
ORD00987,CUST0159,2023-08-09,Completed,7.35,Bank Transfer,749.66
ORD00988,CUST0061,2023-09-08,Completed,4.31,PayPal,236.74
ORD00989,CUST0252,2023-01-25,Completed,12.08,PayPal,440.89
ORD00990,CUST0057,2023-08-17,Completed,2.31,PayPal,192.53
ORD00991,CUST0033,2023-03-13,Completed,12.13,Bank Transfer,98.33
ORD00992,CUST0182,2023-06-21,Returned,7.08,Bank Transfer,629.86
ORD00993,CUST0120,2023-06-08,Completed,11.95,PayPal,460.26
ORD00994,CUST0221,2023-11-04,Completed,10.36,Bank Transfer,528.4
ORD00995,CUST0025,2023-11-30,Completed,8.08,Credit Card,175.2
ORD00996,CUST0082,2023-05-24,Completed,9.38,Credit Card,854.84
ORD00997,CUST0024,2023-08-13,Completed,10.64,Credit Card,461.39
ORD00998,CUST0113,2023-06-13,Returned,4.26,PayPal,293.02
ORD00999,CUST0240,2023-07-13,Completed,7.03,Bank Transfer,40.51
ORD01000,CUST0131,2023-01-22,Completed,2.52,PayPal,563.11
ORD01001,CUST0137,2023-04-18,Completed,2.83,Credit Card,465.73
ORD01002,CUST0118,2023-08-06,Completed,11.91,Credit Card,634.07
ORD01003,CUST0278,2023-08-16,Completed,4.04,Bank Transfer,566.63
ORD01004,CUST0121,2023-12-03,Completed,10.33,Credit Card,374.11
ORD01005,CUST0003,2023-04-02,Completed,7.01,PayPal,103.67
ORD01006,CUST0034,2023-02-15,Completed,13.96,Credit Card,644.0
ORD01007,CUST0216,2023-08-07,Completed,6.68,Credit Card,44.77
ORD01008,CUST0130,2023-02-04,Completed,6.01,Credit Card,154.94
ORD01009,CUST0130,2023-10-03,Completed,7.4,Bank Transfer,526.23
ORD01010,CUST0165,2023-11-08,Completed,4.29,Credit Card,214.11
ORD01011,CUST0239,2023-12-31,Completed,10.6,Credit Card,355.44
ORD01012,CUST0054,2023-12-20,Completed,7.05,Credit Card,221.37
ORD01013,CUST0206,2023-07-23,Completed,9.51,Credit Card,176.83
ORD01014,CUST0267,2023-07-04,Completed,13.29,PayPal,216.41
ORD01015,CUST0244,2023-12-15,Completed,13.6,Bank Transfer,590.06
ORD01016,CUST0102,2023-08-27,Completed,5.56,Bank Transfer,181.1
ORD01017,CUST0052,2023-02-10,Completed,5.43,Bank Transfer,122.07
ORD01018,CUST0154,2023-07-19,Completed,5.79,Credit Card,547.93
ORD01019,CUST0266,2023-09-26,Completed,8.76,Credit Card,103.6
ORD01020,CUST0031,2023-09-05,Returned,11.99,Bank Transfer,399.2
ORD01021,CUST0268,2023-08-08,Completed,5.14,PayPal,622.49
ORD01022,CUST0190,2023-01-13,Completed,10.39,Bank Transfer,222.85
ORD01023,CUST0088,2023-07-06,Cancelled,13.9,Bank Transfer,0.0
ORD01024,CUST0158,2023-03-12,Cancelled,5.06,Bank Transfer,0.0
ORD01025,CUST0218,2023-04-14,Completed,14.75,Bank Transfer,442.65
ORD01026,CUST0192,2023-06-23,Completed,9.37,PayPal,430.8
ORD01027,CUST0037,2023-06-19,Cancelled,2.58,Bank Transfer,0.0
ORD01028,CUST0063,2023-06-16,Completed,11.03,Bank Transfer,153.08
ORD01029,CUST0268,2023-08-31,Completed,6.16,PayPal,51.16
ORD01030,CUST0115,2023-07-13,Completed,7.47,PayPal,394.68
ORD01031,CUST0249,2023-07-08,Completed,12.05,Bank Transfer,483.06
ORD01032,CUST0113,2023-05-11,Completed,3.16,Credit Card,209.0
ORD01033,CUST0111,2023-10-05,Completed,2.69,Bank Transfer,446.55
ORD01034,CUST0073,2023-03-02,Completed,11.01,PayPal,162.2
ORD01035,CUST0150,2023-04-18,Cancelled,11.57,Bank Transfer,0.0
ORD01036,CUST0263,2023-09-29,Completed,7.42,PayPal,760.82
ORD01037,CUST0272,2023-02-18,Completed,6.33,Credit Card,223.48
ORD01038,CUST0020,2023-12-22,Completed,2.92,PayPal,759.05
ORD01039,CUST0135,2023-06-08,Completed,5.11,Bank Transfer,59.85
ORD01040,CUST0284,2023-03-16,Completed,7.88,PayPal,263.26
ORD01041,CUST0228,2023-02-21,Completed,11.88,Credit Card,916.63
ORD01042,CUST0105,2023-06-04,Completed,2.41,Credit Card,438.13
ORD01043,CUST0230,2023-09-21,Completed,6.5,PayPal,446.81
ORD01044,CUST0162,2023-02-09,Completed,7.71,Bank Transfer,444.83
ORD01045,CUST0203,2023-05-28,Completed,11.11,Credit Card,282.46
ORD01046,CUST0017,2023-07-13,Completed,3.95,Bank Transfer,588.78
ORD01047,CUST0202,2023-05-18,Completed,4.78,Bank Transfer,144.93
ORD01048,CUST0136,2023-05-09,Completed,10.31,Credit Card,333.54
ORD01049,CUST0130,2023-06-24,Cancelled,12.89,PayPal,0.0
ORD01050,CUST0106,2023-02-27,Completed,14.33,Credit Card,682.81
ORD01051,CUST0077,2023-08-01,Completed,9.78,Credit Card,396.06
ORD01052,CUST0221,2023-11-03,Returned,3.05,Credit Card,584.01
ORD01053,CUST0066,2023-09-19,Completed,11.86,PayPal,481.64
ORD01054,CUST0150,2023-09-23,Cancelled,2.79,Bank Transfer,0.0
ORD01055,CUST0036,2023-04-15,Completed,6.49,Credit Card,116.85
ORD01056,CUST0114,2023-01-08,Completed,5.86,Credit Card,244.07
ORD01057,CUST0003,2023-11-03,Completed,9.08,PayPal,210.62
ORD01058,CUST0283,2023-11-24,Completed,9.98,Bank Transfer,312.78
ORD01059,CUST0100,2023-09-25,Completed,13.26,PayPal,254.09
ORD01060,CUST0125,2023-08-25,Completed,2.16,Bank Transfer,834.55
ORD01061,CUST0254,2023-08-10,Cancelled,13.96,PayPal,0.0
ORD01062,CUST0174,2023-04-14,Completed,9.11,Bank Transfer,524.13
ORD01063,CUST0157,2023-03-28,Completed,7.15,PayPal,298.34
ORD01064,CUST0062,2023-09-04,Cancelled,13.48,PayPal,0.0
ORD01065,CUST0141,2023-10-08,Completed,2.15,Credit Card,95.33
ORD01066,CUST0173,2023-04-28,Completed,10.19,Credit Card,596.32
ORD01067,CUST0174,2023-06-09,Completed,12.5,Credit Card,436.31
ORD01068,CUST0040,2023-10-30,Completed,8.04,Bank Transfer,682.84
ORD01069,CUST0248,2023-11-04,Completed,3.66,PayPal,375.73
ORD01070,CUST0025,2023-07-13,Completed,4.46,Credit Card,855.5
ORD01071,CUST0201,2023-08-05,Completed,2.74,PayPal,316.13
ORD01072,CUST0019,2023-09-27,Completed,5.58,Credit Card,387.43
ORD01073,CUST0229,2023-07-05,Completed,3.3,Bank Transfer,90.36
ORD01074,CUST0072,2023-11-02,Cancelled,9.91,PayPal,0.0
ORD01075,CUST0282,2023-04-22,Completed,6.2,PayPal,412.79
ORD01076,CUST0255,2023-03-17,Returned,9.81,Bank Transfer,238.24
ORD01077,CUST0180,2023-07-04,Completed,3.43,PayPal,505.16
ORD01078,CUST0256,2023-06-27,Completed,10.34,PayPal,148.27
ORD01079,CUST0265,2023-07-25,Completed,3.96,Bank Transfer,362.89
ORD01080,CUST0078,2023-01-14,Completed,8.17,Credit Card,608.46
ORD01081,CUST0077,2023-04-15,Cancelled,14.03,Bank Transfer,0.0
ORD01082,CUST0152,2023-06-19,Returned,10.56,Credit Card,214.84
ORD01083,CUST0204,2023-05-24,Completed,9.69,Credit Card,356.53
ORD01084,CUST0151,2023-06-01,Cancelled,11.28,Bank Transfer,0.0
ORD01085,CUST0210,2023-08-29,Completed,7.32,Credit Card,404.22
ORD01086,CUST0147,2023-02-03,Completed,11.38,Bank Transfer,130.03
ORD01087,CUST0214,2023-01-17,Completed,8.13,Bank Transfer,645.93
ORD01088,CUST0075,2023-01-22,Completed,7.11,Credit Card,1065.57
ORD01089,CUST0012,2023-11-11,Completed,7.91,PayPal,339.55
ORD01090,CUST0260,2023-09-16,Completed,8.77,Bank Transfer,362.24
ORD01091,CUST0094,2023-08-01,Completed,12.53,Bank Transfer,260.49
ORD01092,CUST0022,2023-08-10,Cancelled,3.8,Bank Transfer,0.0
ORD01093,CUST0025,2023-05-03,Completed,13.28,Credit Card,436.12
ORD01094,CUST0047,2023-09-07,Completed,3.54,PayPal,136.07
ORD01095,CUST0059,2023-09-07,Completed,6.55,Bank Transfer,159.01
ORD01096,CUST0076,2023-06-28,Completed,7.11,Bank Transfer,769.45
ORD01097,CUST0022,2023-12-15,Returned,12.49,Credit Card,811.18
ORD01098,CUST0134,2023-01-09,Completed,9.42,Bank Transfer,417.86
ORD01099,CUST0153,2023-03-26,Completed,14.28,Credit Card,995.6
ORD01100,CUST0191,2023-08-23,Completed,14.43,Credit Card,249.68
ORD01101,CUST0137,2023-04-15,Completed,6.83,Credit Card,164.39
ORD01102,CUST0270,2023-01-05,Completed,12.21,Bank Transfer,408.02
ORD01103,CUST0042,2023-07-31,Completed,8.0,PayPal,407.0
ORD01104,CUST0280,2023-09-09,Completed,9.43,PayPal,316.21
ORD01105,CUST0127,2023-08-03,Completed,10.68,PayPal,204.29
ORD01106,CUST0236,2023-07-06,Completed,12.2,Credit Card,878.54
ORD01107,CUST0247,2023-06-20,Returned,9.02,Credit Card,287.15
ORD01108,CUST0166,2023-06-08,Completed,4.07,Credit Card,190.78
ORD01109,CUST0029,2023-05-13,Completed,7.64,Bank Transfer,647.85
ORD01110,CUST0198,2023-03-01,Completed,6.3,Credit Card,507.62
ORD01111,CUST0190,2023-01-07,Completed,12.02,PayPal,49.75
ORD01112,CUST0253,2023-06-24,Completed,3.69,Credit Card,173.51
ORD01113,CUST0028,2023-11-19,Completed,6.6,Bank Transfer,91.66
ORD01114,CUST0048,2023-05-01,Completed,7.9,PayPal,110.72
ORD01115,CUST0067,2023-05-13,Completed,7.64,Bank Transfer,1086.65
ORD01116,CUST0126,2023-06-02,Completed,13.49,Bank Transfer,221.83
ORD01117,CUST0279,2023-07-10,Returned,3.99,Credit Card,456.47
ORD01118,CUST0028,2023-09-04,Cancelled,2.48,Credit Card,0.0
ORD01119,CUST0204,2023-02-04,Completed,11.03,Bank Transfer,114.86
ORD01120,CUST0080,2023-01-11,Cancelled,7.32,PayPal,0.0
ORD01121,CUST0174,2023-04-11,Completed,7.86,Credit Card,219.72
ORD01122,CUST0090,2023-12-25,Completed,7.43,PayPal,92.62
ORD01123,CUST0010,2023-01-05,Cancelled,13.98,Bank Transfer,0.0
ORD01124,CUST0084,2023-07-02,Completed,14.08,Credit Card,399.06
ORD01125,CUST0120,2023-08-06,Cancelled,5.05,PayPal,0.0
ORD01126,CUST0198,2023-05-25,Completed,3.29,Credit Card,556.94
ORD01127,CUST0179,2023-11-05,Completed,10.38,Bank Transfer,294.55
ORD01128,CUST0294,2023-06-26,Completed,6.07,Credit Card,440.11
ORD01129,CUST0201,2023-02-21,Completed,7.1,Bank Transfer,301.13
ORD01130,CUST0255,2023-06-07,Completed,11.55,PayPal,52.85
ORD01131,CUST0152,2023-11-01,Completed,5.5,Bank Transfer,480.34
ORD01132,CUST0082,2023-12-11,Completed,8.55,Bank Transfer,691.18
ORD01133,CUST0062,2023-05-18,Completed,11.46,Bank Transfer,96.97
ORD01134,CUST0039,2023-11-10,Completed,9.24,Bank Transfer,54.67
ORD01135,CUST0062,2023-02-20,Completed,13.51,PayPal,354.75
ORD01136,CUST0087,2023-11-30,Completed,13.46,PayPal,362.8
ORD01137,CUST0180,2023-09-03,Completed,5.83,Credit Card,968.5
ORD01138,CUST0280,2023-03-09,Completed,4.14,Bank Transfer,168.7
ORD01139,CUST0169,2023-08-29,Returned,3.12,PayPal,408.04
ORD01140,CUST0193,2023-11-10,Returned,14.92,PayPal,333.13
ORD01141,CUST0226,2023-04-17,Completed,13.79,PayPal,311.06
ORD01142,CUST0136,2023-10-01,Completed,12.35,PayPal,108.08
ORD01143,CUST0072,2023-11-18,Completed,10.58,PayPal,250.05
ORD01144,CUST0254,2023-02-15,Completed,11.81,PayPal,596.46
ORD01145,CUST0254,2023-10-09,Completed,11.33,Bank Transfer,91.53
ORD01146,CUST0035,2023-06-09,Completed,6.66,PayPal,238.13
ORD01147,CUST0030,2023-05-04,Completed,6.39,Bank Transfer,806.17
ORD01148,CUST0161,2023-04-24,Completed,5.39,Credit Card,138.92
ORD01149,CUST0140,2023-12-18,Completed,14.07,Credit Card,101.79
ORD01150,CUST0114,2023-03-31,Completed,9.34,PayPal,400.44
ORD01151,CUST0173,2023-12-30,Completed,3.19,Bank Transfer,159.83
ORD01152,CUST0123,2023-08-18,Completed,9.9,PayPal,160.74
ORD01153,CUST0038,2023-03-21,Completed,7.78,Credit Card,479.67
ORD01154,CUST0180,2023-02-02,Completed,12.85,PayPal,412.94
ORD01155,CUST0148,2023-04-29,Completed,8.61,PayPal,194.41
ORD01156,CUST0277,2023-10-23,Completed,8.05,Credit Card,329.95
ORD01157,CUST0257,2023-11-12,Completed,5.64,PayPal,83.1
ORD01158,CUST0224,2023-03-29,Completed,7.7,Bank Transfer,261.52
ORD01159,CUST0123,2023-09-25,Completed,8.47,Credit Card,509.29
ORD01160,CUST0118,2023-05-06,Completed,2.25,Bank Transfer,25.83
ORD01161,CUST0219,2023-01-28,Completed,3.74,Bank Transfer,1085.71
ORD01162,CUST0131,2023-05-04,Completed,10.48,PayPal,106.64
ORD01163,CUST0095,2023-05-28,Completed,9.7,PayPal,537.98
ORD01164,CUST0079,2023-10-03,Completed,3.39,Credit Card,64.74
ORD01165,CUST0185,2023-10-06,Completed,9.45,Bank Transfer,494.79
ORD01166,CUST0164,2023-05-05,Cancelled,5.04,Credit Card,0.0
ORD01167,CUST0252,2023-11-12,Completed,13.54,Credit Card,287.01
ORD01168,CUST0290,2023-07-16,Completed,6.67,Credit Card,363.07
ORD01169,CUST0086,2023-02-11,Completed,3.63,PayPal,712.6
ORD01170,CUST0077,2023-11-28,Completed,3.16,Credit Card,380.56
ORD01171,CUST0096,2023-06-29,Completed,7.27,PayPal,520.15
ORD01172,CUST0016,2023-04-21,Completed,12.05,PayPal,244.42
ORD01173,CUST0257,2023-08-03,Completed,4.78,Credit Card,746.24
ORD01174,CUST0074,2023-09-05,Completed,9.12,Credit Card,722.15
ORD01175,CUST0168,2023-05-12,Completed,11.51,PayPal,450.82
ORD01176,CUST0272,2023-02-09,Completed,3.26,Credit Card,479.07
ORD01177,CUST0106,2023-09-08,Completed,5.33,Credit Card,338.57
ORD01178,CUST0295,2023-01-05,Completed,12.9,PayPal,433.01
ORD01179,CUST0179,2023-07-12,Completed,7.95,Bank Transfer,731.84
ORD01180,CUST0122,2023-06-14,Completed,13.25,PayPal,676.35
ORD01181,CUST0195,2023-10-01,Completed,8.25,PayPal,578.71
ORD01182,CUST0115,2023-04-04,Completed,11.34,Bank Transfer,106.88
ORD01183,CUST0156,2023-08-21,Returned,12.75,Credit Card,187.85
ORD01184,CUST0262,2023-11-06,Completed,9.05,Bank Transfer,369.9
ORD01185,CUST0236,2023-01-19,Cancelled,4.06,Credit Card,0.0
ORD01186,CUST0223,2023-04-24,Completed,8.7,Credit Card,970.21
ORD01187,CUST0070,2023-03-17,Returned,12.21,PayPal,208.07
ORD01188,CUST0215,2023-07-28,Completed,3.25,Bank Transfer,821.69
ORD01189,CUST0071,2023-05-12,Completed,7.81,Bank Transfer,32.02
ORD01190,CUST0129,2023-04-16,Completed,12.41,PayPal,1017.84
ORD01191,CUST0274,2023-05-20,Completed,7.81,PayPal,83.31
ORD01192,CUST0235,2023-03-30,Completed,2.74,Bank Transfer,579.94
ORD01193,CUST0277,2023-05-07,Completed,8.78,Bank Transfer,477.5
ORD01194,CUST0036,2023-10-16,Completed,11.27,Bank Transfer,637.64
ORD01195,CUST0018,2023-08-14,Completed,2.6,Bank Transfer,1008.35
ORD01196,CUST0140,2023-11-26,Completed,12.89,Bank Transfer,272.63
ORD01197,CUST0034,2023-10-17,Completed,4.03,PayPal,75.66
ORD01198,CUST0120,2023-04-08,Completed,10.33,Credit Card,332.3
ORD01199,CUST0212,2023-12-20,Completed,12.22,PayPal,317.3
ORD01200,CUST0291,2023-05-20,Completed,6.46,Credit Card,68.22
ORD01201,CUST0033,2023-02-11,Completed,9.27,Credit Card,30.28
ORD01202,CUST0288,2023-07-17,Completed,3.28,Credit Card,363.42
ORD01203,CUST0292,2023-04-15,Completed,5.59,PayPal,53.27
ORD01204,CUST0109,2023-12-01,Completed,2.72,Bank Transfer,1090.98
ORD01205,CUST0283,2023-01-22,Completed,12.61,PayPal,472.62
ORD01206,CUST0106,2023-09-18,Completed,2.15,Bank Transfer,771.1
ORD01207,CUST0274,2023-03-14,Completed,6.87,Credit Card,44.59
ORD01208,CUST0124,2023-04-13,Completed,13.27,PayPal,257.76
ORD01209,CUST0017,2023-09-02,Completed,9.41,Bank Transfer,63.61
ORD01210,CUST0107,2023-04-23,Completed,12.95,Credit Card,275.15
ORD01211,CUST0203,2023-03-18,Completed,11.7,Credit Card,241.52
ORD01212,CUST0069,2023-06-17,Completed,9.55,PayPal,152.13
ORD01213,CUST0264,2023-06-14,Completed,10.95,Bank Transfer,919.32
ORD01214,CUST0016,2023-12-31,Completed,10.49,Bank Transfer,721.23
ORD01215,CUST0034,2023-11-09,Completed,3.91,PayPal,803.58
ORD01216,CUST0094,2023-08-13,Returned,12.79,PayPal,443.53
ORD01217,CUST0014,2023-11-02,Returned,6.33,PayPal,307.52
ORD01218,CUST0268,2023-10-11,Completed,8.45,Credit Card,351.78
ORD01219,CUST0083,2023-04-15,Completed,8.64,Bank Transfer,739.39
ORD01220,CUST0215,2023-12-09,Completed,6.72,Bank Transfer,613.86
ORD01221,CUST0156,2023-11-10,Completed,13.4,Bank Transfer,891.77
ORD01222,CUST0090,2023-10-13,Completed,11.07,PayPal,196.52
ORD01223,CUST0135,2023-01-15,Completed,10.18,Bank Transfer,107.69
ORD01224,CUST0242,2023-09-25,Completed,3.06,Bank Transfer,68.71
ORD01225,CUST0242,2023-04-17,Completed,6.49,Credit Card,516.82
ORD01226,CUST0216,2023-01-28,Completed,3.02,PayPal,162.63
ORD01227,CUST0076,2023-12-17,Completed,9.33,Credit Card,298.84
ORD01228,CUST0282,2023-03-23,Completed,4.91,Bank Transfer,235.68
ORD01229,CUST0198,2023-07-30,Completed,9.02,PayPal,129.46
ORD01230,CUST0113,2023-05-29,Completed,12.8,Credit Card,902.75
ORD01231,CUST0216,2023-10-04,Completed,3.05,PayPal,237.89
ORD01232,CUST0010,2023-07-16,Completed,5.67,PayPal,588.73
ORD01233,CUST0125,2023-12-17,Completed,6.68,PayPal,327.2
ORD01234,CUST0245,2023-10-10,Completed,10.7,PayPal,48.9
ORD01235,CUST0122,2023-02-04,Completed,10.72,Bank Transfer,64.54
ORD01236,CUST0237,2023-01-08,Completed,3.19,PayPal,280.67
ORD01237,CUST0266,2023-11-20,Completed,8.48,Bank Transfer,44.91
ORD01238,CUST0240,2023-01-06,Completed,12.04,Bank Transfer,462.5
ORD01239,CUST0234,2023-06-10,Completed,5.41,Credit Card,156.71
ORD01240,CUST0189,2023-10-04,Completed,12.16,PayPal,142.48
ORD01241,CUST0051,2023-06-19,Completed,13.78,PayPal,433.25
ORD01242,CUST0150,2023-04-21,Completed,3.35,PayPal,143.38
ORD01243,CUST0192,2023-12-21,Completed,3.24,Credit Card,845.19
ORD01244,CUST0238,2023-02-15,Completed,14.75,PayPal,366.87
ORD01245,CUST0270,2023-01-17,Completed,9.87,Bank Transfer,389.4
ORD01246,CUST0220,2023-01-23,Completed,8.7,Credit Card,577.09
ORD01247,CUST0256,2023-04-04,Completed,4.73,PayPal,426.08
ORD01248,CUST0037,2023-02-25,Completed,11.82,Bank Transfer,130.98
ORD01249,CUST0265,2023-11-26,Completed,7.11,PayPal,378.7
ORD01250,CUST0221,2023-12-05,Completed,5.12,Credit Card,427.08
ORD01251,CUST0094,2023-05-01,Completed,12.21,Bank Transfer,724.05
ORD01252,CUST0009,2023-12-05,Completed,4.96,PayPal,144.24
ORD01253,CUST0209,2023-10-04,Completed,6.23,Credit Card,717.64
ORD01254,CUST0270,2023-11-01,Completed,14.98,PayPal,83.2
ORD01255,CUST0008,2023-03-17,Completed,9.08,Bank Transfer,969.34
ORD01256,CUST0026,2023-07-25,Completed,14.97,PayPal,268.64
ORD01257,CUST0120,2023-04-11,Completed,11.77,Bank Transfer,245.69
ORD01258,CUST0133,2023-07-06,Completed,8.58,PayPal,736.51
ORD01259,CUST0189,2023-05-02,Completed,10.38,Bank Transfer,333.1
ORD01260,CUST0293,2023-11-16,Completed,12.71,Bank Transfer,673.89
ORD01261,CUST0054,2023-10-21,Completed,4.9,PayPal,104.66
ORD01262,CUST0045,2023-05-01,Cancelled,9.16,Bank Transfer,0.0
ORD01263,CUST0009,2023-01-26,Completed,8.91,Credit Card,851.88
ORD01264,CUST0280,2023-05-21,Completed,4.26,Credit Card,415.17
ORD01265,CUST0290,2023-10-17,Completed,5.85,Credit Card,736.54
ORD01266,CUST0030,2023-10-20,Completed,5.65,Credit Card,446.02
ORD01267,CUST0060,2023-05-01,Completed,7.58,PayPal,340.07
ORD01268,CUST0155,2023-05-03,Completed,10.73,Bank Transfer,484.48
ORD01269,CUST0271,2023-04-01,Completed,9.69,Credit Card,371.52
ORD01270,CUST0266,2023-08-31,Completed,3.8,Bank Transfer,57.47
ORD01271,CUST0235,2023-08-01,Completed,13.56,Bank Transfer,331.77
ORD01272,CUST0014,2023-06-15,Cancelled,12.48,Credit Card,0.0
ORD01273,CUST0073,2023-07-19,Completed,11.24,PayPal,535.45
ORD01274,CUST0058,2023-06-15,Completed,6.25,Credit Card,208.98
ORD01275,CUST0276,2023-04-16,Completed,4.73,PayPal,423.89
ORD01276,CUST0004,2023-04-02,Completed,9.44,PayPal,238.83
ORD01277,CUST0135,2023-01-31,Returned,12.83,PayPal,952.16
ORD01278,CUST0119,2023-01-23,Completed,7.61,PayPal,490.86
ORD01279,CUST0287,2023-06-16,Returned,9.02,Bank Transfer,62.43
ORD01280,CUST0153,2023-05-04,Completed,2.8,PayPal,146.12
ORD01281,CUST0273,2023-10-20,Completed,5.95,PayPal,400.73
ORD01282,CUST0069,2023-03-27,Completed,5.53,PayPal,67.43
ORD01283,CUST0002,2023-10-28,Completed,8.81,Credit Card,121.48
ORD01284,CUST0176,2023-07-14,Completed,14.15,Credit Card,525.38
ORD01285,CUST0226,2023-10-26,Completed,6.17,PayPal,368.66
ORD01286,CUST0155,2023-11-04,Completed,5.85,PayPal,541.65
ORD01287,CUST0132,2023-06-25,Completed,9.45,PayPal,940.95
ORD01288,CUST0244,2023-11-14,Completed,11.47,PayPal,803.48
ORD01289,CUST0069,2023-10-27,Completed,7.35,Credit Card,338.61
ORD01290,CUST0167,2023-05-01,Completed,8.73,PayPal,463.03
ORD01291,CUST0064,2023-10-01,Completed,8.56,PayPal,449.09
ORD01292,CUST0138,2023-04-29,Completed,6.33,Credit Card,465.16
ORD01293,CUST0278,2023-06-26,Completed,6.59,PayPal,413.82
ORD01294,CUST0033,2023-04-22,Completed,8.78,PayPal,499.52
ORD01295,CUST0141,2023-11-02,Completed,8.88,Bank Transfer,440.53
ORD01296,CUST0088,2023-02-20,Completed,5.46,PayPal,152.77
ORD01297,CUST0210,2023-02-20,Cancelled,13.91,Credit Card,0.0
ORD01298,CUST0235,2023-08-27,Completed,13.57,PayPal,182.94
ORD01299,CUST0078,2023-01-30,Cancelled,9.07,Credit Card,0.0
ORD01300,CUST0014,2023-10-13,Completed,7.07,Credit Card,536.57
ORD01301,CUST0053,2023-03-03,Completed,4.57,Credit Card,550.09
ORD01302,CUST0122,2023-05-06,Completed,14.74,Bank Transfer,467.64
ORD01303,CUST0215,2023-02-04,Completed,11.58,PayPal,990.52
ORD01304,CUST0157,2023-09-04,Cancelled,12.87,Bank Transfer,0.0
ORD01305,CUST0264,2023-03-16,Completed,5.08,Credit Card,185.49
ORD01306,CUST0271,2023-07-19,Completed,4.0,Credit Card,236.68
ORD01307,CUST0260,2023-04-14,Completed,8.26,Credit Card,285.0
ORD01308,CUST0218,2023-08-07,Completed,11.39,Bank Transfer,800.0
ORD01309,CUST0034,2023-05-30,Completed,13.2,Bank Transfer,389.85
ORD01310,CUST0284,2023-07-09,Completed,9.91,Bank Transfer,528.5
ORD01311,CUST0056,2023-07-31,Completed,6.84,Bank Transfer,145.27
ORD01312,CUST0165,2023-12-22,Completed,6.48,Bank Transfer,355.52
ORD01313,CUST0084,2023-07-18,Returned,2.51,Bank Transfer,334.73
ORD01314,CUST0215,2023-05-12,Completed,14.87,Credit Card,903.99
ORD01315,CUST0187,2023-10-07,Returned,11.82,PayPal,576.73
ORD01316,CUST0251,2023-05-04,Cancelled,4.71,PayPal,0.0
ORD01317,CUST0005,2023-03-30,Cancelled,2.71,Credit Card,0.0
ORD01318,CUST0116,2023-10-07,Completed,6.69,Credit Card,583.69
ORD01319,CUST0243,2023-07-12,Completed,9.05,Bank Transfer,367.91
ORD01320,CUST0209,2023-02-13,Completed,14.89,Credit Card,380.78
ORD01321,CUST0057,2023-07-05,Completed,10.64,Bank Transfer,551.5
ORD01322,CUST0239,2023-09-21,Completed,14.66,Credit Card,652.9
ORD01323,CUST0122,2023-07-11,Completed,7.29,PayPal,75.39
ORD01324,CUST0113,2023-09-05,Completed,2.62,PayPal,978.96
ORD01325,CUST0222,2023-01-07,Completed,10.35,Bank Transfer,183.4
ORD01326,CUST0031,2023-09-04,Completed,14.93,Credit Card,101.96
ORD01327,CUST0191,2023-06-02,Completed,14.41,Bank Transfer,218.71
ORD01328,CUST0222,2023-11-24,Completed,14.92,PayPal,285.72
ORD01329,CUST0207,2023-09-21,Completed,8.36,PayPal,395.43
ORD01330,CUST0182,2023-11-01,Completed,6.03,Credit Card,339.15
ORD01331,CUST0278,2023-01-09,Cancelled,8.4,Bank Transfer,0.0
ORD01332,CUST0283,2023-06-26,Completed,2.04,PayPal,398.05
ORD01333,CUST0044,2023-11-13,Completed,8.03,Bank Transfer,300.68
ORD01334,CUST0039,2023-03-11,Completed,2.52,Credit Card,144.97
ORD01335,CUST0090,2023-09-06,Completed,11.9,PayPal,485.48
ORD01336,CUST0273,2023-10-09,Completed,8.38,PayPal,318.09
ORD01337,CUST0182,2023-07-01,Completed,12.48,PayPal,177.8
ORD01338,CUST0054,2023-08-05,Completed,8.73,PayPal,497.79
ORD01339,CUST0012,2023-12-22,Completed,5.3,Bank Transfer,242.85
ORD01340,CUST0079,2023-10-17,Completed,6.16,PayPal,634.99
ORD01341,CUST0228,2023-02-07,Completed,14.26,Bank Transfer,399.38
ORD01342,CUST0289,2023-12-08,Completed,3.27,Credit Card,412.22
ORD01343,CUST0239,2023-12-23,Completed,2.43,PayPal,44.05
ORD01344,CUST0249,2023-09-28,Completed,12.63,Credit Card,546.02
ORD01345,CUST0088,2023-03-02,Completed,3.78,Credit Card,212.66
ORD01346,CUST0288,2023-11-16,Returned,12.27,PayPal,315.09
ORD01347,CUST0053,2023-02-02,Completed,14.02,Bank Transfer,138.69
ORD01348,CUST0204,2023-10-27,Cancelled,12.53,Bank Transfer,0.0
ORD01349,CUST0254,2023-10-16,Completed,2.67,PayPal,855.57
ORD01350,CUST0041,2023-06-12,Completed,7.3,PayPal,521.41
ORD01351,CUST0288,2023-12-18,Completed,2.92,PayPal,99.78
ORD01352,CUST0123,2023-07-21,Completed,2.63,Bank Transfer,486.37
ORD01353,CUST0128,2023-12-26,Completed,4.62,PayPal,444.36
ORD01354,CUST0104,2023-01-18,Completed,13.58,Bank Transfer,232.15
ORD01355,CUST0178,2023-12-06,Completed,4.04,Credit Card,14.22
ORD01356,CUST0170,2023-01-06,Completed,3.04,Credit Card,363.33
ORD01357,CUST0207,2023-02-16,Completed,11.62,Credit Card,620.26
ORD01358,CUST0031,2023-09-25,Completed,9.07,Credit Card,1135.47
ORD01359,CUST0089,2023-09-16,Completed,9.18,Credit Card,144.34
ORD01360,CUST0039,2023-10-13,Completed,3.76,PayPal,235.6
ORD01361,CUST0069,2023-06-24,Completed,8.24,Bank Transfer,787.01
ORD01362,CUST0158,2023-10-10,Completed,6.6,Credit Card,253.02
ORD01363,CUST0194,2023-08-09,Returned,11.28,PayPal,668.44
ORD01364,CUST0027,2023-09-03,Completed,10.06,PayPal,420.36
ORD01365,CUST0205,2023-10-24,Completed,2.34,PayPal,276.35
ORD01366,CUST0276,2023-04-23,Completed,14.15,Credit Card,718.88
ORD01367,CUST0080,2023-06-17,Completed,9.46,PayPal,287.33
ORD01368,CUST0010,2023-12-25,Cancelled,10.01,Credit Card,0.0
ORD01369,CUST0156,2023-07-13,Completed,2.49,Credit Card,290.61
ORD01370,CUST0167,2023-05-27,Completed,3.54,Bank Transfer,17.26
ORD01371,CUST0274,2023-08-22,Completed,14.46,Bank Transfer,762.71
ORD01372,CUST0255,2023-11-16,Completed,5.38,Bank Transfer,545.91
ORD01373,CUST0091,2023-05-28,Completed,4.64,PayPal,665.41
ORD01374,CUST0156,2023-09-02,Completed,7.12,Credit Card,534.33
ORD01375,CUST0228,2023-06-26,Completed,12.95,Credit Card,121.63
ORD01376,CUST0024,2023-09-18,Cancelled,11.84,Bank Transfer,0.0
ORD01377,CUST0073,2023-04-26,Completed,11.82,Credit Card,633.21
ORD01378,CUST0089,2023-08-26,Completed,2.2,Credit Card,357.36
ORD01379,CUST0213,2023-06-28,Completed,14.87,Credit Card,395.6
ORD01380,CUST0186,2023-12-18,Completed,5.58,PayPal,238.21
ORD01381,CUST0220,2023-08-15,Completed,4.3,PayPal,1218.48
ORD01382,CUST0175,2023-06-12,Completed,7.51,Credit Card,415.9
ORD01383,CUST0003,2023-04-09,Completed,11.73,Bank Transfer,704.47
ORD01384,CUST0012,2023-02-08,Completed,2.76,Bank Transfer,364.65
ORD01385,CUST0285,2023-12-24,Completed,13.92,Bank Transfer,384.76
ORD01386,CUST0065,2023-08-22,Completed,2.45,Bank Transfer,439.55
ORD01387,CUST0260,2023-06-20,Completed,6.75,Bank Transfer,289.06
ORD01388,CUST0235,2023-06-28,Cancelled,13.54,Credit Card,0.0
ORD01389,CUST0246,2023-06-17,Completed,7.84,Bank Transfer,567.56
ORD01390,CUST0129,2023-07-03,Completed,6.99,PayPal,875.11
ORD01391,CUST0082,2023-08-10,Completed,5.81,Credit Card,200.28
ORD01392,CUST0185,2023-07-02,Completed,6.21,Credit Card,105.9
ORD01393,CUST0005,2023-01-30,Completed,11.59,Credit Card,381.99
ORD01394,CUST0071,2023-12-12,Completed,14.21,Bank Transfer,105.14
ORD01395,CUST0063,2023-04-17,Completed,3.71,Bank Transfer,244.39
ORD01396,CUST0158,2023-11-01,Cancelled,11.55,Credit Card,0.0
ORD01397,CUST0040,2023-12-14,Returned,3.25,PayPal,154.81
ORD01398,CUST0257,2023-06-08,Completed,11.93,Bank Transfer,956.23
ORD01399,CUST0085,2023-12-14,Completed,11.86,Bank Transfer,346.66
ORD01400,CUST0271,2023-02-02,Completed,13.57,PayPal,388.09
ORD01401,CUST0122,2023-08-10,Returned,2.15,Credit Card,61.23
ORD01402,CUST0066,2023-02-02,Completed,7.84,Credit Card,205.85
ORD01403,CUST0020,2023-06-13,Completed,13.81,Credit Card,722.27
ORD01404,CUST0056,2023-01-11,Completed,12.68,Credit Card,512.06
ORD01405,CUST0141,2023-02-02,Cancelled,12.94,PayPal,0.0
ORD01406,CUST0079,2023-10-16,Completed,10.94,Bank Transfer,709.22
ORD01407,CUST0161,2023-07-14,Completed,11.67,PayPal,689.51
ORD01408,CUST0273,2023-06-23,Completed,5.55,PayPal,227.3
ORD01409,CUST0151,2023-09-15,Completed,7.86,Bank Transfer,388.87
ORD01410,CUST0269,2023-03-30,Completed,13.31,Credit Card,204.03
ORD01411,CUST0093,2023-08-26,Completed,7.75,PayPal,475.34
ORD01412,CUST0260,2023-08-18,Completed,2.23,Credit Card,303.56
ORD01413,CUST0290,2023-04-07,Returned,14.39,Credit Card,974.32
ORD01414,CUST0062,2023-11-26,Completed,10.66,PayPal,98.07
ORD01415,CUST0024,2023-06-09,Completed,8.91,Bank Transfer,69.74
ORD01416,CUST0113,2023-01-23,Completed,10.98,Credit Card,442.0
ORD01417,CUST0179,2023-01-14,Completed,14.74,PayPal,842.83
ORD01418,CUST0085,2023-11-14,Completed,8.38,Credit Card,861.23
ORD01419,CUST0167,2023-06-01,Completed,10.41,Credit Card,108.62
ORD01420,CUST0161,2023-08-20,Cancelled,7.97,Credit Card,0.0
ORD01421,CUST0202,2023-10-18,Completed,3.24,Bank Transfer,329.64
ORD01422,CUST0209,2023-09-13,Completed,4.49,Bank Transfer,61.23
ORD01423,CUST0112,2023-12-01,Completed,13.42,Bank Transfer,606.28
ORD01424,CUST0028,2023-03-03,Completed,12.0,Credit Card,33.62
ORD01425,CUST0182,2023-01-26,Completed,4.69,Bank Transfer,349.49
ORD01426,CUST0283,2023-02-17,Completed,13.0,PayPal,213.29
ORD01427,CUST0060,2023-06-26,Returned,3.61,Bank Transfer,334.1
ORD01428,CUST0177,2023-12-19,Completed,12.52,Bank Transfer,356.39
ORD01429,CUST0069,2023-04-29,Completed,12.92,PayPal,792.4
ORD01430,CUST0035,2023-10-16,Completed,11.63,PayPal,921.67
ORD01431,CUST0173,2023-02-24,Completed,4.71,Credit Card,316.96
ORD01432,CUST0230,2023-03-10,Completed,9.05,Credit Card,53.48
ORD01433,CUST0016,2023-07-01,Completed,3.92,PayPal,127.84
ORD01434,CUST0144,2023-02-17,Completed,12.01,Credit Card,126.32
ORD01435,CUST0035,2023-09-23,Completed,9.73,Bank Transfer,717.27
ORD01436,CUST0023,2023-04-27,Completed,3.2,PayPal,808.87
ORD01437,CUST0130,2023-08-02,Completed,3.28,PayPal,768.72
ORD01438,CUST0105,2023-05-23,Completed,7.24,Bank Transfer,267.71
ORD01439,CUST0230,2023-11-26,Completed,8.91,Credit Card,629.83
ORD01440,CUST0149,2023-11-22,Completed,7.75,Credit Card,311.93
ORD01441,CUST0226,2023-02-17,Cancelled,10.51,Bank Transfer,0.0
ORD01442,CUST0226,2023-11-13,Completed,13.07,Credit Card,201.87
ORD01443,CUST0202,2023-01-31,Completed,8.77,Credit Card,545.71
ORD01444,CUST0064,2023-09-14,Completed,2.62,Credit Card,575.78
ORD01445,CUST0179,2023-04-13,Completed,13.6,PayPal,721.09
ORD01446,CUST0199,2023-08-17,Completed,3.27,Credit Card,825.64
ORD01447,CUST0082,2023-01-19,Completed,4.52,Credit Card,502.76
ORD01448,CUST0231,2023-03-17,Completed,2.76,Bank Transfer,25.04
ORD01449,CUST0024,2023-07-04,Completed,11.58,PayPal,290.64
ORD01450,CUST0209,2023-06-16,Completed,9.37,Credit Card,397.42
ORD01451,CUST0241,2023-12-03,Completed,3.03,Bank Transfer,139.94
ORD01452,CUST0143,2023-06-19,Completed,9.08,Credit Card,129.41
ORD01453,CUST0068,2023-03-11,Completed,10.02,Credit Card,835.13
ORD01454,CUST0058,2023-07-13,Completed,12.32,Credit Card,142.23
ORD01455,CUST0080,2023-05-18,Completed,11.55,Bank Transfer,787.71
ORD01456,CUST0082,2023-05-22,Returned,11.44,PayPal,605.36
ORD01457,CUST0012,2023-12-05,Completed,13.71,PayPal,743.39
ORD01458,CUST0239,2023-06-22,Cancelled,11.71,PayPal,0.0
ORD01459,CUST0152,2023-01-29,Completed,4.58,Bank Transfer,391.13
ORD01460,CUST0055,2023-09-22,Completed,5.46,PayPal,686.94
ORD01461,CUST0279,2023-06-29,Completed,8.07,Bank Transfer,409.74
ORD01462,CUST0098,2023-03-11,Completed,3.64,Bank Transfer,482.66
ORD01463,CUST0232,2023-06-21,Completed,8.65,PayPal,216.84
ORD01464,CUST0235,2023-06-19,Completed,12.11,PayPal,230.38
ORD01465,CUST0184,2023-10-03,Returned,9.88,Credit Card,859.88
ORD01466,CUST0004,2023-02-05,Completed,5.27,Bank Transfer,561.49
ORD01467,CUST0250,2023-12-26,Completed,9.7,Credit Card,800.57
ORD01468,CUST0186,2023-11-15,Completed,9.37,PayPal,77.55
ORD01469,CUST0160,2023-07-20,Completed,10.58,Bank Transfer,244.1
ORD01470,CUST0173,2023-01-26,Completed,5.14,Bank Transfer,410.04
ORD01471,CUST0268,2023-09-26,Cancelled,11.58,PayPal,0.0
ORD01472,CUST0044,2023-02-14,Completed,4.45,Bank Transfer,90.54
ORD01473,CUST0109,2023-08-04,Completed,7.22,Bank Transfer,201.65
ORD01474,CUST0125,2023-01-12,Completed,9.6,Credit Card,167.92
ORD01475,CUST0026,2023-11-18,Completed,8.05,Credit Card,1008.06
ORD01476,CUST0143,2023-08-27,Completed,4.04,Credit Card,1028.69
ORD01477,CUST0077,2023-04-25,Returned,12.77,Credit Card,736.21
ORD01478,CUST0112,2023-04-29,Completed,8.39,Credit Card,653.06
ORD01479,CUST0068,2023-11-27,Completed,2.79,Credit Card,583.16
ORD01480,CUST0003,2023-06-09,Cancelled,10.85,Bank Transfer,0.0
ORD01481,CUST0127,2023-04-30,Completed,2.25,PayPal,183.87
ORD01482,CUST0220,2023-03-24,Completed,14.65,Bank Transfer,713.87
ORD01483,CUST0238,2023-01-05,Completed,5.71,Credit Card,527.64
ORD01484,CUST0177,2023-04-14,Completed,13.01,Bank Transfer,199.84
ORD01485,CUST0168,2023-04-11,Completed,7.45,Credit Card,214.61
ORD01486,CUST0011,2023-09-19,Completed,7.64,Credit Card,459.84
ORD01487,CUST0145,2023-07-17,Completed,10.49,Credit Card,448.68
ORD01488,CUST0292,2023-08-25,Completed,13.25,PayPal,300.31
ORD01489,CUST0146,2023-06-15,Cancelled,12.85,PayPal,0.0
ORD01490,CUST0076,2023-10-11,Completed,5.51,Bank Transfer,243.38
ORD01491,CUST0165,2023-01-09,Completed,2.75,PayPal,688.45
ORD01492,CUST0178,2023-01-01,Completed,12.71,Credit Card,358.69
ORD01493,CUST0226,2023-12-14,Cancelled,11.94,Credit Card,0.0
ORD01494,CUST0218,2023-02-16,Completed,13.61,Bank Transfer,612.81
ORD01495,CUST0129,2023-12-03,Completed,13.16,Credit Card,527.68
ORD01496,CUST0223,2023-11-20,Completed,10.91,PayPal,757.65
ORD01497,CUST0235,2023-11-03,Completed,12.26,Credit Card,435.27
ORD01498,CUST0073,2023-05-29,Completed,7.4,Credit Card,837.94
ORD01499,CUST0127,2023-08-25,Completed,10.35,PayPal,366.88
